2025-05-28:10:33:43,176 INFO     [psi4.optking.optwrapper:222] Creating a UserComputer
2025-05-28:10:33:43,176 INFO     [psi4.optking.optwrapper:230] 
    			-----------------------------------------

    			 OPTKING 3.0: for geometry optimizations 

    			     By R.A. King, Bethel University     

    			        with contributions from          

    			    A.V. Copan, J. Cayton, A. Heide      

    			-----------------------------------------

    
2025-05-28:10:33:43,176 INFO     [psi4.optking.optwrapper:246] 
		 -- Optimization Parameters --
	accept_symmetry_breaking       =           False
	add_auxiliary_bonds            =           False
	alg_geom_maxiter               =              50
	auxiliary_bond_factor          =             2.5
	bt_dx_conv                     =           1e-07
	bt_dx_rms_change_conv          =           1e-12
	bt_max_iter                    =              25
	bt_pinv_rcond                  =           1e-06
	cart_hess_read                 =           False
	conjugate_gradient_type        =        FLETCHER
	consecutive_backsteps_allowed  =               0
	conv_max_DE                    =           1e-06
	conv_max_disp                  =          0.0012
	conv_max_force                 =          0.0003
	conv_rms_disp                  =              -1
	conv_rms_force                 =              -1
	covalent_connect               =             1.3
	dynamic_level                  =               0
	dynamic_level_max              =               0
	ensure_bt_convergence          =           False
	ext_force_bend                 =              []
	ext_force_cartesian            =              []
	ext_force_dihedral             =              []
	ext_force_distance             =              []
	ext_force_oofp                 =              []
	fix_val_near_pi                =            1.57
	flexible_g_convergence         =           False
	frag_mode                      =          SINGLE
	frag_ref_atoms                 =            None
	freeze_all_dihedrals           =           False
	freeze_intrafrag               =           False
	frozen_bend                    =              []
	frozen_cartesian               =              []
	frozen_dihedral                =              []
	frozen_distance                =              []
	frozen_oofp                    =              []
	full_hess_every                =              -1
	g_convergence                  =           QCHEM
	generate_intcos_exit           =           False
	geom_maxiter                   =              50
	h_bond_connect                 =             4.3
	hess_update                    =            BFGS
	hess_update_den_tol            =           1e-07
	hess_update_dq_tol             =             0.5
	hess_update_limit              =            True
	hess_update_limit_max          =             1.0
	hess_update_limit_scale        =             0.5
	hess_update_use_last           =               4
	hessian_file                   =            None
	i_max_DE                       =            True
	i_max_disp                     =            True
	i_max_force                    =            True
	i_rms_disp                     =           False
	i_rms_force                    =           False
	i_untampered                   =            True
	include_oofp                   =           False
	interfrag_collinear_tol        =            0.01
	interfrag_coords               =            None
	interfrag_dist_inv             =           False
	interfrag_mode                 =           FIXED
	interfrag_trust                =             0.5
	interfrag_trust_max            =             1.0
	interfrag_trust_min            =           0.001
	interfragment_connect          =             1.8
	intrafrag_hess                 =        SCHLEGEL
	intrafrag_trust                =             0.5
	intrafrag_trust_max            =             1.0
	intrafrag_trust_min            =           0.001
	irc_direction                  =         FORWARD
	irc_points                     =              20
	irc_step_size                  =             0.2
	keep_intcos                    =           False
	linear_bend_threshold          =            3.05
	linesearch                     =           False
	linesearch_step                =             0.1
	max_disp_g_convergence         =          0.0012
	max_energy_g_convergence       =           1e-06
	max_force_g_convergence        =          0.0003
	opt_coordinates                =       REDUNDANT
	opt_type                       =             MIN
	output_type                    =            FILE
	print_lvl                      =               1
	program                        =            psi4
	ranged_bend                    =              []
	ranged_cartesian               =              []
	ranged_dihedral                =              []
	ranged_distance                =              []
	ranged_oofp                    =              []
	redundant_eval_tol             =           1e-10
	rfo_follow_root                =           False
	rfo_normalization_max          =             100
	rfo_root                       =               0
	rms_disp_g_convergence         =          0.0012
	rms_force_g_convergence        =          0.0003
	rsrfo_alpha_max                =     100000000.0
	sd_hessian                     =             1.0
	simple_step_scaling            =           False
	small_bend_fix_threshold       =            0.35
	steepest_descent_type          =         OVERLAP
	step_type                      =             RFO
	test_B                         =           False
	test_derivative_B              =           False
	trajectory                     =           False
	unfreeze_dihedrals             =              []
	v3d_tors_angle_lim             =           0.017
	v3d_tors_cos_tol               =           1e-10
	working_consecutive_backsteps  =               0
	working_steps_since_last_H     =               0


2025-05-28:10:33:43,343 INFO     [psi4.optking.molsys:598] 	Increasing scaling to  1.500 to connect fragments.
2025-05-28:10:33:43,343 INFO     [psi4.optking.molsys:598] 	Increasing scaling to  1.700 to connect fragments.
2025-05-28:10:33:43,343 INFO     [psi4.optking.molsys:598] 	Increasing scaling to  1.900 to connect fragments.
2025-05-28:10:33:43,343 INFO     [psi4.optking.molsys:598] 	Increasing scaling to  2.100 to connect fragments.
2025-05-28:10:33:43,343 INFO     [psi4.optking.molsys:598] 	Increasing scaling to  2.300 to connect fragments.
2025-05-28:10:33:43,343 INFO     [psi4.optking.molsys:575] 	Connecting fragments with atoms 1 and 2
2025-05-28:10:33:43,343 INFO     [psi4.optking.molsys:594] 	All fragments are connected in connectivity matrix.
2025-05-28:10:33:43,343 INFO     [psi4.optking.molsys:469] 	Consolidating multiple fragments into one for optimization.
2025-05-28:10:33:43,345 INFO     [psi4.optking.opt_helper:151] Molsys:

	                            ===> Fragment 1 <== 

	 Z (Atomic Numbers)          Masses                          Geom                  
	       1.000000             1.007825          0.00000000  0.00000000 -3.58906021   
	       9.000000            18.998403          0.00000000  0.00000000  0.19039204   

	 - Coordinate -           - BOHR/RAD -       - ANG/DEG -
	 R(1,2)           =         3.779452           2.000000

2025-05-28:10:33:43,357 INFO     [psi4.driver.task_planner:289] PLANNING FD:  dermode=(1, 0) keywords={'function_kwargs': {}, 'SCF__E_CONVERGENCE': 1e-10, 'SCF__D_CONVERGENCE': 1e-10, 'E_CONVERGENCE': 1e-08} findif_kw={'findif_stencil_size': 3, 'findif_step_size': 0.005, 'findif_verbose': 1} kw={'opt_iter': True}
2025-05-28:10:33:43,357 INFO     [psi4.driver.driver_findif:269] 
         ----------------------------------------------------------
                                   FINDIF
                     R. A. King and Jonathon Misiewicz
         ----------------------------------------------------------


2025-05-28:10:33:43,357 INFO     [psi4.driver.driver_findif:278]   Using finite-differences of energies to determine gradients.
    Generating geometries for use with 3-point formula.
    Displacement size will be 5.00e-03.

2025-05-28:10:33:43,357 INFO     [psi4.driver.driver_findif:297]     Number of atoms is 2.
    Number of symmetric SALCs is 1.
    Translations projected? 1. Rotations projected? 1.

2025-05-28:10:33:43,357 INFO     [psi4.driver.driver_findif:373]     Number of geometries (including reference) is 3.

2025-05-28:10:33:43,371 INFO     [psi4.driver.task_base:172] <<< JSON launch ... c2v 2.381297448015
2025-05-28:10:33:43,525 INFO     [psi4.driver.task_planner:285] PLANNING Atomic:  keywords={'SCF__D_CONVERGENCE': 1e-10, 'E_CONVERGENCE': 1e-08, 'SCF__E_CONVERGENCE': 1e-10, 'PARENT_SYMMETRY': 'C2V(Z)', 'function_kwargs': {}}
2025-05-28:10:33:43,526 INFO     [psi4.driver.driver:523] Compute energy(): method=ccsd(t), basis=aug-cc-pvdz, molecule=HF, nre=2.381297448015
2025-05-28:10:33:44,513 INFO     [psi4.driver.driver:526] Return energy(): -100.08218768421968
2025-05-28:10:33:44,522 INFO     [psi4.driver.task_base:172] <<< JSON launch ... c2v 2.3780815714000694
2025-05-28:10:33:44,538 INFO     [psi4.driver.task_planner:285] PLANNING Atomic:  keywords={'SCF__D_CONVERGENCE': 1e-10, 'E_CONVERGENCE': 1e-08, 'SCF__E_CONVERGENCE': 1e-10, 'PARENT_SYMMETRY': 'C2V(Z)', 'function_kwargs': {}}
2025-05-28:10:33:44,539 INFO     [psi4.driver.driver:523] Compute energy(): method=ccsd(t), basis=aug-cc-pvdz, molecule=HF, nre=2.3780815714000694
2025-05-28:10:33:45,3 INFO     [psi4.driver.driver:526] Return energy(): -100.08199191922226
2025-05-28:10:33:45,12 INFO     [psi4.driver.task_base:172] <<< JSON launch ... c2v 2.3845220340592053
2025-05-28:10:33:45,28 INFO     [psi4.driver.task_planner:285] PLANNING Atomic:  keywords={'SCF__D_CONVERGENCE': 1e-10, 'E_CONVERGENCE': 1e-08, 'SCF__E_CONVERGENCE': 1e-10, 'PARENT_SYMMETRY': 'C2V(Z)', 'function_kwargs': {}}
2025-05-28:10:33:45,29 INFO     [psi4.driver.driver:523] Compute energy(): method=ccsd(t), basis=aug-cc-pvdz, molecule=HF, nre=2.3845220340592053
2025-05-28:10:33:45,510 INFO     [psi4.driver.driver:526] Return energy(): -100.0823854408166
2025-05-28:10:33:45,519 INFO     [psi4.driver.driver_findif:278]   Computing gradient from energies.
    Using 3-point formula.
    Energy without displacement: -100.0821876842
    Check energies below for precision!
    Forces are for mass-weighted, symmetry-adapted cartesians [a0].

2025-05-28:10:33:45,519 INFO     [psi4.driver.driver_findif:663] 
     Coord      Energy(-1)        Energy(+1)            Force
        0   -100.0819919192   -100.0823854408     -0.0393521594
2025-05-28:10:33:45,519 INFO     [psi4.driver.driver_findif:675] 
         -------------------------------------------------------------

2025-05-28:10:33:45,538 INFO     [psi4.optking.molsys:872] Projected (PHP) Hessian matrix
	   0.043066

2025-05-28:10:33:45,538 INFO     [psi4.optking.opt_helper:168] 
	         Geometry (au)                                       Gradient (au)
   0.0000000000   0.0000000000  -3.5890602115		   0.0000000000   0.0000000000  -0.0384979036
   0.0000000000   0.0000000000   0.1903920394		   0.0000000000   0.0000000000   0.0384979036

2025-05-28:10:33:45,539 INFO     [psi4.optking.stepAlgorithms:949] 	Using RFO solution 1.
2025-05-28:10:33:45,539 INFO     [psi4.optking.displace:96] 	Determining Cartesian step for fragment 1.
2025-05-28:10:33:45,539 INFO     [psi4.optking.displace:435] 	Successfully converged to displaced geometry.
2025-05-28:10:33:45,539 INFO     [psi4.optking.displace:436] 	RMS(dx):  0.000e+00 	Max(dx):  0.000e+00 	RMS(dq):  0.000e+00
2025-05-28:10:33:45,539 INFO     [psi4.optking.displace:159] 

	        --- Internal Coordinate Step in ANG or DEG, aJ/ANG or AJ/DEG ---
	-------------------------------------------------------------------------------
	           Coordinate      Previous         Force          Change          New 
	           ----------      --------        ------          ------        ------
	               R(1,2)       2.00000       -0.31717       -0.26459       1.73541
	-------------------------------------------------------------------------------

2025-05-28:10:33:45,539 INFO     [psi4.optking.stepAlgorithms:99] 	|target step| :    0.5000027779
2025-05-28:10:33:45,539 INFO     [psi4.optking.stepAlgorithms:100] 	gradient     :   -0.0384979036
2025-05-28:10:33:45,539 INFO     [psi4.optking.stepAlgorithms:101] 	hessian      :    0.0430660315
2025-05-28:10:33:45,539 INFO     [psi4.optking.stepAlgorithms:99] 	|target step| :    0.5000027779
2025-05-28:10:33:45,539 INFO     [psi4.optking.stepAlgorithms:100] 	gradient     :   -0.0384979036
2025-05-28:10:33:45,539 INFO     [psi4.optking.stepAlgorithms:101] 	hessian      :    0.0430660315
2025-05-28:10:33:45,540 INFO     [psi4.optking.stepAlgorithms:196] 	Norm of achieved step-size    0.5000027779
2025-05-28:10:33:45,540 INFO     [psi4.optking.stepAlgorithms:198] 	Norm of achieved step-size (cart):    0.3535553549
2025-05-28:10:33:45,540 INFO     [psi4.optking.opt_helper:151] Molsys:

	                            ===> Fragment 1 <== 

	 Z (Atomic Numbers)          Masses                          Geom                  
	       1.000000             1.007825          0.00000000  0.00000000 -3.33905882   
	       9.000000            18.998403          0.00000000  0.00000000 -0.05960935   

	 - Coordinate -           - BOHR/RAD -       - ANG/DEG -
	 R(1,2)           =         3.279449           1.735410

2025-05-28:10:33:45,540 INFO     [psi4.optking.convcheck:71] Performing convergence check.
2025-05-28:10:33:45,540 INFO     [psi4.optking.convcheck:263] 
	                                 ==> Convergence Check <==                                  
    
	Measures of convergence in internal coordinates in au.
    
	Criteria marked as inactive (o), active & met (*), and active & unmet ( ).

	----------------------------------------------------------------------------------------------~
	   Step    Total Energy     Delta E     Max Force     RMS Force      Max Disp      RMS Disp   ~
	----------------------------------------------------------------------------------------------~
	  Convergence Criteria     1.00e-06 *    3.00e-04 *             o    1.20e-03 *             o~
	----------------------------------------------------------------------------------------------~
	     1    -100.08218768   -1.00e+02      3.85e-02      3.85e-02 o    5.00e-01      5.00e-01 o  ~
	----------------------------------------------------------------------------------------------


2025-05-28:10:33:45,540 INFO     [psi4.optking.stepAlgorithms:297] 	Convergence check returned False
2025-05-28:10:33:45,553 INFO     [psi4.driver.task_planner:289] PLANNING FD:  dermode=(1, 0) keywords={'SCF__GUESS': 'READ', 'function_kwargs': {}, 'SCF__E_CONVERGENCE': 1e-10, 'SCF__D_CONVERGENCE': 1e-10, 'E_CONVERGENCE': 1e-08} findif_kw={'findif_stencil_size': 3, 'findif_step_size': 0.005, 'findif_verbose': 1} kw={'opt_iter': 2}
2025-05-28:10:33:45,553 INFO     [psi4.driver.driver_findif:269] 
         ----------------------------------------------------------
                                   FINDIF
                     R. A. King and Jonathon Misiewicz
         ----------------------------------------------------------


2025-05-28:10:33:45,553 INFO     [psi4.driver.driver_findif:278]   Using finite-differences of energies to determine gradients.
    Generating geometries for use with 3-point formula.
    Displacement size will be 5.00e-03.

2025-05-28:10:33:45,553 INFO     [psi4.driver.driver_findif:297]     Number of atoms is 2.
    Number of symmetric SALCs is 1.
    Translations projected? 1. Rotations projected? 1.

2025-05-28:10:33:45,553 INFO     [psi4.driver.driver_findif:373]     Number of geometries (including reference) is 3.

2025-05-28:10:33:45,566 INFO     [psi4.driver.task_base:172] <<< JSON launch ... c2v 2.744363062774349
2025-05-28:10:33:45,582 INFO     [psi4.driver.task_planner:285] PLANNING Atomic:  keywords={'SCF__D_CONVERGENCE': 1e-10, 'E_CONVERGENCE': 1e-08, 'SCF__E_CONVERGENCE': 1e-10, 'PARENT_SYMMETRY': 'C2V(Z)', 'function_kwargs': {}}
2025-05-28:10:33:45,583 INFO     [psi4.driver.driver:523] Compute energy(): method=ccsd(t), basis=aug-cc-pvdz, molecule=HF, nre=2.744363062774349
2025-05-28:10:33:46,42 INFO     [psi4.driver.driver:526] Return energy(): -100.11118975743081
2025-05-28:10:33:46,51 INFO     [psi4.driver.task_base:172] <<< JSON launch ... c2v 2.7400926898477778
2025-05-28:10:33:46,66 INFO     [psi4.driver.task_planner:285] PLANNING Atomic:  keywords={'SCF__D_CONVERGENCE': 1e-10, 'E_CONVERGENCE': 1e-08, 'SCF__E_CONVERGENCE': 1e-10, 'PARENT_SYMMETRY': 'C2V(Z)', 'function_kwargs': {}}
2025-05-28:10:33:46,67 INFO     [psi4.driver.driver:523] Compute energy(): method=ccsd(t), basis=aug-cc-pvdz, molecule=HF, nre=2.7400926898477778
2025-05-28:10:33:46,525 INFO     [psi4.driver.driver:526] Return energy(): -100.11079432081323
2025-05-28:10:33:46,534 INFO     [psi4.driver.task_base:172] <<< JSON launch ... c2v 2.7486467670381343
2025-05-28:10:33:46,550 INFO     [psi4.driver.task_planner:285] PLANNING Atomic:  keywords={'SCF__D_CONVERGENCE': 1e-10, 'E_CONVERGENCE': 1e-08, 'SCF__E_CONVERGENCE': 1e-10, 'PARENT_SYMMETRY': 'C2V(Z)', 'function_kwargs': {}}
2025-05-28:10:33:46,551 INFO     [psi4.driver.driver:523] Compute energy(): method=ccsd(t), basis=aug-cc-pvdz, molecule=HF, nre=2.7486467670381343
2025-05-28:10:33:47,7 INFO     [psi4.driver.driver:526] Return energy(): -100.11158720707759
2025-05-28:10:33:47,16 INFO     [psi4.driver.driver_findif:278]   Computing gradient from energies.
    Using 3-point formula.
    Energy without displacement: -100.1111897574
    Check energies below for precision!
    Forces are for mass-weighted, symmetry-adapted cartesians [a0].

2025-05-28:10:33:47,16 INFO     [psi4.driver.driver_findif:663] 
     Coord      Energy(-1)        Energy(+1)            Force
        0   -100.1107943208   -100.1115872071     -0.0792886264
2025-05-28:10:33:47,16 INFO     [psi4.driver.driver_findif:675] 
         -------------------------------------------------------------

2025-05-28:10:33:47,35 INFO     [psi4.optking.history:256] 	Performing BFGS update.
2025-05-28:10:33:47,35 INFO     [psi4.optking.history:267] 	Using 1 previous steps for update.
2025-05-28:10:33:47,35 INFO     [psi4.optking.history:301] 	Steps to be used in Hessian update:  1

2025-05-28:10:33:47,35 INFO     [psi4.optking.history:399] 	Updated Hessian (in au) 
 	  -0.078139

2025-05-28:10:33:47,35 INFO     [psi4.optking.molsys:872] Projected (PHP) Hessian matrix
	  -0.078139

2025-05-28:10:33:47,35 INFO     [psi4.optking.opt_helper:168] 
	         Geometry (au)                                       Gradient (au)
   0.0000000000   0.0000000000  -3.1142453557		   0.0000000000   0.0000000000  -0.0775674306
   0.0000000000   0.0000000000   0.1652041174		   0.0000000000   0.0000000000   0.0775674306

2025-05-28:10:33:47,35 INFO     [psi4.optking.stepAlgorithms:370] 	Current Step Report 
 
	Current energy:      -100.1111897574
	Energy change for the previous step:
		Actual       :        -0.0290020732
		Projected    :        -0.0110925713

2025-05-28:10:33:47,35 INFO     [psi4.optking.stepAlgorithms:373] 	Energy ratio =    2.61455
2025-05-28:10:33:47,35 INFO     [psi4.optking.stepAlgorithms:401] 	Energy ratio indicates good step.
2025-05-28:10:33:47,35 INFO     [psi4.optking.stepAlgorithms:402] 	Intrafrag trust radius increased to      1.
2025-05-28:10:33:47,35 INFO     [psi4.optking.stepAlgorithms:949] 	Using RFO solution 1.
2025-05-28:10:33:47,36 INFO     [psi4.optking.displace:96] 	Determining Cartesian step for fragment 1.
2025-05-28:10:33:47,36 INFO     [psi4.optking.displace:435] 	Successfully converged to displaced geometry.
2025-05-28:10:33:47,36 INFO     [psi4.optking.displace:436] 	RMS(dx):  0.000e+00 	Max(dx):  0.000e+00 	RMS(dq):  0.000e+00
2025-05-28:10:33:47,36 INFO     [psi4.optking.displace:159] 

	        --- Internal Coordinate Step in ANG or DEG, aJ/ANG or AJ/DEG ---
	-------------------------------------------------------------------------------
	           Coordinate      Previous         Force          Change          New 
	           ----------      --------        ------          ------        ------
	               R(1,2)       1.73541       -0.63906       -0.52918       1.20623
	-------------------------------------------------------------------------------

2025-05-28:10:33:47,36 INFO     [psi4.optking.stepAlgorithms:99] 	|target step| :    1.0000034115
2025-05-28:10:33:47,36 INFO     [psi4.optking.stepAlgorithms:100] 	gradient     :   -0.0775674306
2025-05-28:10:33:47,36 INFO     [psi4.optking.stepAlgorithms:101] 	hessian      :   -0.0781386199
2025-05-28:10:33:47,36 INFO     [psi4.optking.stepAlgorithms:99] 	|target step| :    1.0000034115
2025-05-28:10:33:47,36 INFO     [psi4.optking.stepAlgorithms:100] 	gradient     :   -0.0775674306
2025-05-28:10:33:47,36 INFO     [psi4.optking.stepAlgorithms:101] 	hessian      :   -0.0781386199
2025-05-28:10:33:47,36 INFO     [psi4.optking.stepAlgorithms:196] 	Norm of achieved step-size    1.0000034115
2025-05-28:10:33:47,36 INFO     [psi4.optking.stepAlgorithms:198] 	Norm of achieved step-size (cart):    0.7071091935
2025-05-28:10:33:47,36 INFO     [psi4.optking.opt_helper:151] Molsys:

	                            ===> Fragment 1 <== 

	 Z (Atomic Numbers)          Masses                          Geom                  
	       1.000000             1.007825          0.00000000  0.00000000 -2.61424365   
	       9.000000            18.998403          0.00000000  0.00000000 -0.33479759   

	 - Coordinate -           - BOHR/RAD -       - ANG/DEG -
	 R(1,2)           =         2.279446           1.206231

2025-05-28:10:33:47,36 INFO     [psi4.optking.convcheck:71] Performing convergence check.
2025-05-28:10:33:47,36 INFO     [psi4.optking.convcheck:263] 
	                                 ==> Convergence Check <==                                  
    
	Measures of convergence in internal coordinates in au.
    
	Criteria marked as inactive (o), active & met (*), and active & unmet ( ).

	----------------------------------------------------------------------------------------------
	   Step    Total Energy     Delta E     Max Force     RMS Force      Max Disp      RMS Disp   
	----------------------------------------------------------------------------------------------
	  Convergence Criteria     1.00e-06 *    3.00e-04 *             o    1.20e-03 *             o
	----------------------------------------------------------------------------------------------
	     2    -100.11118976   -2.90e-02      7.76e-02      7.76e-02 o    1.00e+00      1.00e+00 o  ~
	----------------------------------------------------------------------------------------------


2025-05-28:10:33:47,36 INFO     [psi4.optking.stepAlgorithms:297] 	Convergence check returned False
2025-05-28:10:33:47,49 INFO     [psi4.driver.task_planner:289] PLANNING FD:  dermode=(1, 0) keywords={'SCF__GUESS': 'READ', 'function_kwargs': {}, 'SCF__E_CONVERGENCE': 1e-10, 'SCF__D_CONVERGENCE': 1e-10, 'E_CONVERGENCE': 1e-08} findif_kw={'findif_stencil_size': 3, 'findif_step_size': 0.005, 'findif_verbose': 1} kw={'opt_iter': 3}
2025-05-28:10:33:47,49 INFO     [psi4.driver.driver_findif:269] 
         ----------------------------------------------------------
                                   FINDIF
                     R. A. King and Jonathon Misiewicz
         ----------------------------------------------------------


2025-05-28:10:33:47,49 INFO     [psi4.driver.driver_findif:278]   Using finite-differences of energies to determine gradients.
    Generating geometries for use with 3-point formula.
    Displacement size will be 5.00e-03.

2025-05-28:10:33:47,50 INFO     [psi4.driver.driver_findif:297]     Number of atoms is 2.
    Number of symmetric SALCs is 1.
    Translations projected? 1. Rotations projected? 1.

2025-05-28:10:33:47,50 INFO     [psi4.driver.driver_findif:373]     Number of geometries (including reference) is 3.

2025-05-28:10:33:47,63 INFO     [psi4.driver.task_base:172] <<< JSON launch ... c2v 3.948327688855665
2025-05-28:10:33:47,81 INFO     [psi4.driver.task_planner:285] PLANNING Atomic:  keywords={'SCF__D_CONVERGENCE': 1e-10, 'E_CONVERGENCE': 1e-08, 'SCF__E_CONVERGENCE': 1e-10, 'PARENT_SYMMETRY': 'C2V(Z)', 'function_kwargs': {}}
2025-05-28:10:33:47,82 INFO     [psi4.driver.driver:523] Compute energy(): method=ccsd(t), basis=aug-cc-pvdz, molecule=HF, nre=3.948327688855665
2025-05-28:10:33:47,513 INFO     [psi4.driver.driver:526] Return energy(): -100.22002294656862
2025-05-28:10:33:47,522 INFO     [psi4.driver.task_base:172] <<< JSON launch ... c2v 3.9394945983069034
2025-05-28:10:33:47,537 INFO     [psi4.driver.task_planner:285] PLANNING Atomic:  keywords={'SCF__D_CONVERGENCE': 1e-10, 'E_CONVERGENCE': 1e-08, 'SCF__E_CONVERGENCE': 1e-10, 'PARENT_SYMMETRY': 'C2V(Z)', 'function_kwargs': {}}
2025-05-28:10:33:47,539 INFO     [psi4.driver.driver:523] Compute energy(): method=ccsd(t), basis=aug-cc-pvdz, molecule=HF, nre=3.9394945983069034
2025-05-28:10:33:47,957 INFO     [psi4.driver.driver:526] Return energy(): -100.21938980810836
2025-05-28:10:33:47,966 INFO     [psi4.driver.task_base:172] <<< JSON launch ... c2v 3.957200479332028
2025-05-28:10:33:47,981 INFO     [psi4.driver.task_planner:285] PLANNING Atomic:  keywords={'SCF__D_CONVERGENCE': 1e-10, 'E_CONVERGENCE': 1e-08, 'SCF__E_CONVERGENCE': 1e-10, 'PARENT_SYMMETRY': 'C2V(Z)', 'function_kwargs': {}}
2025-05-28:10:33:47,983 INFO     [psi4.driver.driver:523] Compute energy(): method=ccsd(t), basis=aug-cc-pvdz, molecule=HF, nre=3.957200479332028
2025-05-28:10:33:48,403 INFO     [psi4.driver.driver:526] Return energy(): -100.2206551726271
2025-05-28:10:33:48,413 INFO     [psi4.driver.driver_findif:278]   Computing gradient from energies.
    Using 3-point formula.
    Energy without displacement: -100.2200229466
    Check energies below for precision!
    Forces are for mass-weighted, symmetry-adapted cartesians [a0].

2025-05-28:10:33:48,413 INFO     [psi4.driver.driver_findif:663] 
     Coord      Energy(-1)        Energy(+1)            Force
        0   -100.2193898081   -100.2206551726     -0.1265364519
2025-05-28:10:33:48,413 INFO     [psi4.driver.driver_findif:675] 
         -------------------------------------------------------------

2025-05-28:10:33:48,432 INFO     [psi4.optking.history:256] 	Performing BFGS update.
2025-05-28:10:33:48,432 INFO     [psi4.optking.history:267] 	Using 2 previous steps for update.
2025-05-28:10:33:48,432 WARNING  [psi4.optking.history:285] 	Change in internal coordinate of 1.00e+00 exceeds limit of 5.00e-01.
2025-05-28:10:33:48,432 WARNING  [psi4.optking.history:290] 	Skipping Hessian update for step 2.
2025-05-28:10:33:48,432 INFO     [psi4.optking.history:301] 	Steps to be used in Hessian update:  1

2025-05-28:10:33:48,432 INFO     [psi4.optking.history:399] 	Updated Hessian (in au) 
 	  -0.056861

2025-05-28:10:33:48,432 INFO     [psi4.optking.molsys:872] Projected (PHP) Hessian matrix
	  -0.056861

2025-05-28:10:33:48,432 INFO     [psi4.optking.opt_helper:168] 
	         Geometry (au)                                       Gradient (au)
   0.0000000000   0.0000000000  -2.1646176802		   0.0000000000   0.0000000000  -0.1237896012
   0.0000000000   0.0000000000   0.1148283813		   0.0000000000   0.0000000000   0.1237896012

2025-05-28:10:33:48,432 INFO     [psi4.optking.stepAlgorithms:370] 	Current Step Report 
 
	Current energy:      -100.2200229466
	Energy change for the previous step:
		Actual       :        -0.1088331891
		Projected    :        -0.0583184369

2025-05-28:10:33:48,432 INFO     [psi4.optking.stepAlgorithms:373] 	Energy ratio =    1.86619
2025-05-28:10:33:48,432 INFO     [psi4.optking.stepAlgorithms:949] 	Using RFO solution 1.
2025-05-28:10:33:48,432 INFO     [psi4.optking.displace:96] 	Determining Cartesian step for fragment 1.
2025-05-28:10:33:48,433 INFO     [psi4.optking.displace:435] 	Successfully converged to displaced geometry.
2025-05-28:10:33:48,433 INFO     [psi4.optking.displace:436] 	RMS(dx):  6.410e-17 	Max(dx):  1.110e-16 	RMS(dq):  0.000e+00
2025-05-28:10:33:48,433 INFO     [psi4.optking.displace:159] 

	        --- Internal Coordinate Step in ANG or DEG, aJ/ANG or AJ/DEG ---
	-------------------------------------------------------------------------------
	           Coordinate      Previous         Force          Change          New 
	           ----------      --------        ------          ------        ------
	               R(1,2)       1.20623       -1.01987       -0.52918       0.67705
	-------------------------------------------------------------------------------

2025-05-28:10:33:48,433 INFO     [psi4.optking.stepAlgorithms:99] 	|target step| :    1.0000000006
2025-05-28:10:33:48,433 INFO     [psi4.optking.stepAlgorithms:100] 	gradient     :   -0.1237896012
2025-05-28:10:33:48,433 INFO     [psi4.optking.stepAlgorithms:101] 	hessian      :   -0.0568608971
2025-05-28:10:33:48,433 INFO     [psi4.optking.stepAlgorithms:99] 	|target step| :    1.0000000006
2025-05-28:10:33:48,433 INFO     [psi4.optking.stepAlgorithms:100] 	gradient     :   -0.1237896012
2025-05-28:10:33:48,433 INFO     [psi4.optking.stepAlgorithms:101] 	hessian      :   -0.0568608971
2025-05-28:10:33:48,433 INFO     [psi4.optking.stepAlgorithms:196] 	Norm of achieved step-size    1.0000000006
2025-05-28:10:33:48,433 INFO     [psi4.optking.stepAlgorithms:198] 	Norm of achieved step-size (cart):    0.7071067816
2025-05-28:10:33:48,433 INFO     [psi4.optking.opt_helper:151] Molsys:

	                            ===> Fragment 1 <== 

	 Z (Atomic Numbers)          Masses                          Geom                  
	       1.000000             1.007825          0.00000000  0.00000000 -1.66461768   
	       9.000000            18.998403          0.00000000  0.00000000 -0.38517162   

	 - Coordinate -           - BOHR/RAD -       - ANG/DEG -
	 R(1,2)           =         1.279446           0.677054

2025-05-28:10:33:48,433 INFO     [psi4.optking.convcheck:71] Performing convergence check.
2025-05-28:10:33:48,433 INFO     [psi4.optking.convcheck:263] 
	                                 ==> Convergence Check <==                                  
    
	Measures of convergence in internal coordinates in au.
    
	Criteria marked as inactive (o), active & met (*), and active & unmet ( ).

	----------------------------------------------------------------------------------------------
	   Step    Total Energy     Delta E     Max Force     RMS Force      Max Disp      RMS Disp   
	----------------------------------------------------------------------------------------------
	  Convergence Criteria     1.00e-06 *    3.00e-04 *             o    1.20e-03 *             o
	----------------------------------------------------------------------------------------------
	     3    -100.22002295   -1.09e-01      1.24e-01      1.24e-01 o    1.00e+00      1.00e+00 o  ~
	----------------------------------------------------------------------------------------------


2025-05-28:10:33:48,433 INFO     [psi4.optking.stepAlgorithms:297] 	Convergence check returned False
2025-05-28:10:33:48,446 INFO     [psi4.driver.task_planner:289] PLANNING FD:  dermode=(1, 0) keywords={'SCF__GUESS': 'READ', 'function_kwargs': {}, 'SCF__E_CONVERGENCE': 1e-10, 'SCF__D_CONVERGENCE': 1e-10, 'E_CONVERGENCE': 1e-08} findif_kw={'findif_stencil_size': 3, 'findif_step_size': 0.005, 'findif_verbose': 1} kw={'opt_iter': 4}
2025-05-28:10:33:48,446 INFO     [psi4.driver.driver_findif:269] 
         ----------------------------------------------------------
                                   FINDIF
                     R. A. King and Jonathon Misiewicz
         ----------------------------------------------------------


2025-05-28:10:33:48,446 INFO     [psi4.driver.driver_findif:278]   Using finite-differences of energies to determine gradients.
    Generating geometries for use with 3-point formula.
    Displacement size will be 5.00e-03.

2025-05-28:10:33:48,446 INFO     [psi4.driver.driver_findif:297]     Number of atoms is 2.
    Number of symmetric SALCs is 1.
    Translations projected? 1. Rotations projected? 1.

2025-05-28:10:33:48,446 INFO     [psi4.driver.driver_findif:373]     Number of geometries (including reference) is 3.

2025-05-28:10:33:48,460 INFO     [psi4.driver.task_base:172] <<< JSON launch ... c2v 7.034294195403628
2025-05-28:10:33:48,476 INFO     [psi4.driver.task_planner:285] PLANNING Atomic:  keywords={'SCF__D_CONVERGENCE': 1e-10, 'E_CONVERGENCE': 1e-08, 'SCF__E_CONVERGENCE': 1e-10, 'PARENT_SYMMETRY': 'C2V(Z)', 'function_kwargs': {}}
2025-05-28:10:33:48,477 INFO     [psi4.driver.driver:523] Compute energy(): method=ccsd(t), basis=aug-cc-pvdz, molecule=HF, nre=7.034294195403629
2025-05-28:10:33:48,853 INFO     [psi4.driver.driver:526] Return energy(): -100.13452973566034
2025-05-28:10:33:48,861 INFO     [psi4.driver.task_base:172] <<< JSON launch ... c2v 7.006306403401011
2025-05-28:10:33:48,876 INFO     [psi4.driver.task_planner:285] PLANNING Atomic:  keywords={'SCF__D_CONVERGENCE': 1e-10, 'E_CONVERGENCE': 1e-08, 'SCF__E_CONVERGENCE': 1e-10, 'PARENT_SYMMETRY': 'C2V(Z)', 'function_kwargs': {}}
2025-05-28:10:33:48,878 INFO     [psi4.driver.driver:523] Compute energy(): method=ccsd(t), basis=aug-cc-pvdz, molecule=HF, nre=7.006306403401011
2025-05-28:10:33:49,252 INFO     [psi4.driver.driver:526] Return energy(): -100.13847091479121
2025-05-28:10:33:49,261 INFO     [psi4.driver.task_base:172] <<< JSON launch ... c2v 7.0625064874741845
2025-05-28:10:33:49,276 INFO     [psi4.driver.task_planner:285] PLANNING Atomic:  keywords={'SCF__D_CONVERGENCE': 1e-10, 'E_CONVERGENCE': 1e-08, 'SCF__E_CONVERGENCE': 1e-10, 'PARENT_SYMMETRY': 'C2V(Z)', 'function_kwargs': {}}
2025-05-28:10:33:49,278 INFO     [psi4.driver.driver:523] Compute energy(): method=ccsd(t), basis=aug-cc-pvdz, molecule=HF, nre=7.0625064874741845
2025-05-28:10:33:49,663 INFO     [psi4.driver.driver:526] Return energy(): -100.13049575116158
2025-05-28:10:33:49,673 INFO     [psi4.driver.driver_findif:278]   Computing gradient from energies.
    Using 3-point formula.
    Energy without displacement: -100.1345297357
    Check energies below for precision!
    Forces are for mass-weighted, symmetry-adapted cartesians [a0].

2025-05-28:10:33:49,673 INFO     [psi4.driver.driver_findif:663] 
     Coord      Energy(-1)        Energy(+1)            Force
        0   -100.1384709148   -100.1304957512      0.7975163630
2025-05-28:10:33:49,673 INFO     [psi4.driver.driver_findif:675] 
         -------------------------------------------------------------

2025-05-28:10:33:49,691 INFO     [psi4.optking.history:256] 	Performing BFGS update.
2025-05-28:10:33:49,691 INFO     [psi4.optking.history:267] 	Using 3 previous steps for update.
2025-05-28:10:33:49,691 WARNING  [psi4.optking.history:285] 	Change in internal coordinate of 1.00e+00 exceeds limit of 5.00e-01.
2025-05-28:10:33:49,691 WARNING  [psi4.optking.history:290] 	Skipping Hessian update for step 3.
2025-05-28:10:33:49,691 WARNING  [psi4.optking.history:285] 	Change in internal coordinate of 2.00e+00 exceeds limit of 5.00e-01.
2025-05-28:10:33:49,691 WARNING  [psi4.optking.history:290] 	Skipping Hessian update for step 2.
2025-05-28:10:33:49,692 INFO     [psi4.optking.history:301] 	Steps to be used in Hessian update:  1

2025-05-28:10:33:49,692 INFO     [psi4.optking.history:399] 	Updated Hessian (in au) 
 	   0.327480

2025-05-28:10:33:49,692 INFO     [psi4.optking.molsys:872] Projected (PHP) Hessian matrix
	   0.327480

2025-05-28:10:33:49,692 INFO     [psi4.optking.opt_helper:168] 
	         Geometry (au)                                       Gradient (au)
   0.0000000000   0.0000000000  -1.2149932438		   0.0000000000   0.0000000000   0.7802038942
   0.0000000000   0.0000000000   0.0644528171		   0.0000000000   0.0000000000  -0.7802038942

2025-05-28:10:33:49,692 INFO     [psi4.optking.stepAlgorithms:370] 	Current Step Report 
 
	Current energy:      -100.1345297357
	Energy change for the previous step:
		Actual       :         0.0854932109
		Projected    :        -0.0761100249

2025-05-28:10:33:49,692 INFO     [psi4.optking.stepAlgorithms:373] 	Energy ratio =   -1.12328
2025-05-28:10:33:49,692 WARNING  [psi4.optking.stepAlgorithms:381] 	Energy has increased in a minimization.
2025-05-28:10:33:49,692 WARNING  [psi4.optking.stepAlgorithms:422] 	Energy ratio indicates iffy step.
2025-05-28:10:33:49,692 WARNING  [psi4.optking.stepAlgorithms:423] 	Intrafrag trust radius decreased to   0.25.
2025-05-28:10:33:49,692 INFO     [psi4.optking.stepAlgorithms:338] 	Near start of optimization, so ignoring bad step.

2025-05-28:10:33:49,692 INFO     [psi4.optking.stepAlgorithms:949] 	Using RFO solution 1.
2025-05-28:10:33:49,692 INFO     [psi4.optking.displace:96] 	Determining Cartesian step for fragment 1.
2025-05-28:10:33:49,693 INFO     [psi4.optking.displace:435] 	Successfully converged to displaced geometry.
2025-05-28:10:33:49,693 INFO     [psi4.optking.displace:436] 	RMS(dx):  6.410e-17 	Max(dx):  1.110e-16 	RMS(dq):  0.000e+00
2025-05-28:10:33:49,693 INFO     [psi4.optking.displace:159] 

	        --- Internal Coordinate Step in ANG or DEG, aJ/ANG or AJ/DEG ---
	-------------------------------------------------------------------------------
	           Coordinate      Previous         Force          Change          New 
	           ----------      --------        ------          ------        ------
	               R(1,2)       0.67705        6.42788        0.13229       0.80935
	-------------------------------------------------------------------------------

2025-05-28:10:33:49,693 INFO     [psi4.optking.stepAlgorithms:99] 	|target step| :    0.2500004401
2025-05-28:10:33:49,693 INFO     [psi4.optking.stepAlgorithms:100] 	gradient     :   -0.7802038942
2025-05-28:10:33:49,693 INFO     [psi4.optking.stepAlgorithms:101] 	hessian      :    0.3274799083
2025-05-28:10:33:49,693 INFO     [psi4.optking.stepAlgorithms:99] 	|target step| :    0.2500004401
2025-05-28:10:33:49,693 INFO     [psi4.optking.stepAlgorithms:100] 	gradient     :   -0.7802038942
2025-05-28:10:33:49,693 INFO     [psi4.optking.stepAlgorithms:101] 	hessian      :    0.3274799083
2025-05-28:10:33:49,693 INFO     [psi4.optking.stepAlgorithms:196] 	Norm of achieved step-size    0.2500004401
2025-05-28:10:33:49,693 INFO     [psi4.optking.stepAlgorithms:198] 	Norm of achieved step-size (cart):    0.1767770065
2025-05-28:10:33:49,693 INFO     [psi4.optking.opt_helper:151] Molsys:

	                            ===> Fragment 1 <== 

	 Z (Atomic Numbers)          Masses                          Geom                  
	       1.000000             1.007825          0.00000000  0.00000000 -1.33999346   
	       9.000000            18.998403          0.00000000  0.00000000  0.18945304   

	 - Coordinate -           - BOHR/RAD -       - ANG/DEG -
	 R(1,2)           =         1.529447           0.809348

2025-05-28:10:33:49,693 INFO     [psi4.optking.convcheck:71] Performing convergence check.
2025-05-28:10:33:49,693 INFO     [psi4.optking.convcheck:263] 
	                                 ==> Convergence Check <==                                  
    
	Measures of convergence in internal coordinates in au.
    
	Criteria marked as inactive (o), active & met (*), and active & unmet ( ).

	----------------------------------------------------------------------------------------------
	   Step    Total Energy     Delta E     Max Force     RMS Force      Max Disp      RMS Disp   
	----------------------------------------------------------------------------------------------
	  Convergence Criteria     1.00e-06 *    3.00e-04 *             o    1.20e-03 *             o
	----------------------------------------------------------------------------------------------
	     4    -100.13452974    8.55e-02      7.80e-01      7.80e-01 o    2.50e-01      2.50e-01 o  ~
	----------------------------------------------------------------------------------------------


2025-05-28:10:33:49,693 INFO     [psi4.optking.stepAlgorithms:297] 	Convergence check returned False
2025-05-28:10:33:49,706 INFO     [psi4.driver.task_planner:289] PLANNING FD:  dermode=(1, 0) keywords={'SCF__GUESS': 'READ', 'function_kwargs': {}, 'SCF__E_CONVERGENCE': 1e-10, 'SCF__D_CONVERGENCE': 1e-10, 'E_CONVERGENCE': 1e-08} findif_kw={'findif_stencil_size': 3, 'findif_step_size': 0.005, 'findif_verbose': 1} kw={'opt_iter': 5}
2025-05-28:10:33:49,706 INFO     [psi4.driver.driver_findif:269] 
         ----------------------------------------------------------
                                   FINDIF
                     R. A. King and Jonathon Misiewicz
         ----------------------------------------------------------


2025-05-28:10:33:49,706 INFO     [psi4.driver.driver_findif:278]   Using finite-differences of energies to determine gradients.
    Generating geometries for use with 3-point formula.
    Displacement size will be 5.00e-03.

2025-05-28:10:33:49,706 INFO     [psi4.driver.driver_findif:297]     Number of atoms is 2.
    Number of symmetric SALCs is 1.
    Translations projected? 1. Rotations projected? 1.

2025-05-28:10:33:49,706 INFO     [psi4.driver.driver_findif:373]     Number of geometries (including reference) is 3.

2025-05-28:10:33:49,720 INFO     [psi4.driver.task_base:172] <<< JSON launch ... c2v 5.884481734689756
2025-05-28:10:33:49,736 INFO     [psi4.driver.task_planner:285] PLANNING Atomic:  keywords={'SCF__D_CONVERGENCE': 1e-10, 'E_CONVERGENCE': 1e-08, 'SCF__E_CONVERGENCE': 1e-10, 'PARENT_SYMMETRY': 'C2V(Z)', 'function_kwargs': {}}
2025-05-28:10:33:49,737 INFO     [psi4.driver.driver:523] Compute energy(): method=ccsd(t), basis=aug-cc-pvdz, molecule=HF, nre=5.884481734689756
2025-05-28:10:33:50,130 INFO     [psi4.driver.driver:526] Return energy(): -100.24659070182126
2025-05-28:10:33:50,138 INFO     [psi4.driver.task_base:172] <<< JSON launch ... c2v 5.864883066493463
2025-05-28:10:33:50,154 INFO     [psi4.driver.task_planner:285] PLANNING Atomic:  keywords={'SCF__D_CONVERGENCE': 1e-10, 'E_CONVERGENCE': 1e-08, 'SCF__E_CONVERGENCE': 1e-10, 'PARENT_SYMMETRY': 'C2V(Z)', 'function_kwargs': {}}
2025-05-28:10:33:50,155 INFO     [psi4.driver.driver:523] Compute energy(): method=ccsd(t), basis=aug-cc-pvdz, molecule=HF, nre=5.864883066493463
2025-05-28:10:33:50,558 INFO     [psi4.driver.driver:526] Return energy(): -100.24761994766578
2025-05-28:10:33:50,566 INFO     [psi4.driver.task_base:172] <<< JSON launch ... c2v 5.904211827730042
2025-05-28:10:33:50,582 INFO     [psi4.driver.task_planner:285] PLANNING Atomic:  keywords={'SCF__D_CONVERGENCE': 1e-10, 'E_CONVERGENCE': 1e-08, 'SCF__E_CONVERGENCE': 1e-10, 'PARENT_SYMMETRY': 'C2V(Z)', 'function_kwargs': {}}
2025-05-28:10:33:50,583 INFO     [psi4.driver.driver:523] Compute energy(): method=ccsd(t), basis=aug-cc-pvdz, molecule=HF, nre=5.904211827730042
2025-05-28:10:33:50,968 INFO     [psi4.driver.driver:526] Return energy(): -100.24552514074504
2025-05-28:10:33:50,977 INFO     [psi4.driver.driver_findif:278]   Computing gradient from energies.
    Using 3-point formula.
    Energy without displacement: -100.2465907018
    Check energies below for precision!
    Forces are for mass-weighted, symmetry-adapted cartesians [a0].

2025-05-28:10:33:50,978 INFO     [psi4.driver.driver_findif:663] 
     Coord      Energy(-1)        Energy(+1)            Force
        0   -100.2476199477   -100.2455251407      0.2094806921
2025-05-28:10:33:50,978 INFO     [psi4.driver.driver_findif:675] 
         -------------------------------------------------------------

2025-05-28:10:33:50,996 INFO     [psi4.optking.history:256] 	Performing BFGS update.
2025-05-28:10:33:50,996 INFO     [psi4.optking.history:267] 	Using 4 previous steps for update.
2025-05-28:10:33:50,996 WARNING  [psi4.optking.history:285] 	Change in internal coordinate of 7.50e-01 exceeds limit of 5.00e-01.
2025-05-28:10:33:50,996 WARNING  [psi4.optking.history:290] 	Skipping Hessian update for step 3.
2025-05-28:10:33:50,996 WARNING  [psi4.optking.history:285] 	Change in internal coordinate of 1.75e+00 exceeds limit of 5.00e-01.
2025-05-28:10:33:50,996 WARNING  [psi4.optking.history:290] 	Skipping Hessian update for step 2.
2025-05-28:10:33:50,996 WARNING  [psi4.optking.history:285] 	Change in internal coordinate of 2.25e+00 exceeds limit of 5.00e-01.
2025-05-28:10:33:50,996 WARNING  [psi4.optking.history:290] 	Skipping Hessian update for step 1.
2025-05-28:10:33:50,996 INFO     [psi4.optking.history:301] 	Steps to be used in Hessian update:  4

2025-05-28:10:33:50,996 INFO     [psi4.optking.history:399] 	Updated Hessian (in au) 
 	   1.327480

2025-05-28:10:33:50,996 INFO     [psi4.optking.molsys:872] Projected (PHP) Hessian matrix
	   1.327480

2025-05-28:10:33:50,996 INFO     [psi4.optking.opt_helper:168] 
	         Geometry (au)                                       Gradient (au)
   0.0000000000   0.0000000000  -1.4523997708		   0.0000000000   0.0000000000   0.2049332895
   0.0000000000   0.0000000000   0.0770467304		   0.0000000000   0.0000000000  -0.2049332895

2025-05-28:10:33:50,996 INFO     [psi4.optking.stepAlgorithms:370] 	Current Step Report 
 
	Current energy:      -100.2465907018
	Energy change for the previous step:
		Actual       :        -0.1120609662
		Projected    :        -0.1739458781

2025-05-28:10:33:50,996 INFO     [psi4.optking.stepAlgorithms:373] 	Energy ratio =    0.64423
2025-05-28:10:33:50,997 INFO     [psi4.optking.stepAlgorithms:949] 	Using RFO solution 1.
2025-05-28:10:33:50,997 INFO     [psi4.optking.displace:96] 	Determining Cartesian step for fragment 1.
2025-05-28:10:33:50,997 INFO     [psi4.optking.displace:435] 	Successfully converged to displaced geometry.
2025-05-28:10:33:50,997 INFO     [psi4.optking.displace:436] 	RMS(dx):  6.410e-17 	Max(dx):  1.110e-16 	RMS(dq):  0.000e+00
2025-05-28:10:33:50,997 INFO     [psi4.optking.displace:159] 

	        --- Internal Coordinate Step in ANG or DEG, aJ/ANG or AJ/DEG ---
	-------------------------------------------------------------------------------
	           Coordinate      Previous         Force          Change          New 
	           ----------      --------        ------          ------        ------
	               R(1,2)       0.80935        1.68839        0.07983       0.88918
	-------------------------------------------------------------------------------

2025-05-28:10:33:50,997 INFO     [psi4.optking.stepAlgorithms:99] 	|target step| :    0.1508640647
2025-05-28:10:33:50,997 INFO     [psi4.optking.stepAlgorithms:100] 	gradient     :   -0.2049332895
2025-05-28:10:33:50,997 INFO     [psi4.optking.stepAlgorithms:101] 	hessian      :    1.3274799083
2025-05-28:10:33:50,997 INFO     [psi4.optking.stepAlgorithms:99] 	|target step| :    0.1508640647
2025-05-28:10:33:50,997 INFO     [psi4.optking.stepAlgorithms:100] 	gradient     :   -0.2049332895
2025-05-28:10:33:50,997 INFO     [psi4.optking.stepAlgorithms:101] 	hessian      :    1.3274799083
2025-05-28:10:33:50,997 INFO     [psi4.optking.stepAlgorithms:196] 	Norm of achieved step-size    0.1508640647
2025-05-28:10:33:50,997 INFO     [psi4.optking.stepAlgorithms:198] 	Norm of achieved step-size (cart):    0.1066770032
2025-05-28:10:33:50,997 INFO     [psi4.optking.opt_helper:151] Molsys:

	                            ===> Fragment 1 <== 

	 Z (Atomic Numbers)          Masses                          Geom                  
	       1.000000             1.007825          0.00000000  0.00000000 -1.52783180   
	       9.000000            18.998403          0.00000000  0.00000000  0.15247876   

	 - Coordinate -           - BOHR/RAD -       - ANG/DEG -
	 R(1,2)           =         1.680311           0.889182

2025-05-28:10:33:50,997 INFO     [psi4.optking.convcheck:71] Performing convergence check.
2025-05-28:10:33:50,997 INFO     [psi4.optking.convcheck:263] 
	                                 ==> Convergence Check <==                                  
    
	Measures of convergence in internal coordinates in au.
    
	Criteria marked as inactive (o), active & met (*), and active & unmet ( ).

	----------------------------------------------------------------------------------------------
	   Step    Total Energy     Delta E     Max Force     RMS Force      Max Disp      RMS Disp   
	----------------------------------------------------------------------------------------------
	  Convergence Criteria     1.00e-06 *    3.00e-04 *             o    1.20e-03 *             o
	----------------------------------------------------------------------------------------------
	     5    -100.24659070   -1.12e-01      2.05e-01      2.05e-01 o    1.51e-01      1.51e-01 o  ~
	----------------------------------------------------------------------------------------------


2025-05-28:10:33:50,997 INFO     [psi4.optking.stepAlgorithms:297] 	Convergence check returned False
2025-05-28:10:33:51,10 INFO     [psi4.driver.task_planner:289] PLANNING FD:  dermode=(1, 0) keywords={'SCF__GUESS': 'READ', 'function_kwargs': {}, 'SCF__E_CONVERGENCE': 1e-10, 'SCF__D_CONVERGENCE': 1e-10, 'E_CONVERGENCE': 1e-08} findif_kw={'findif_stencil_size': 3, 'findif_step_size': 0.005, 'findif_verbose': 1} kw={'opt_iter': 6}
2025-05-28:10:33:51,10 INFO     [psi4.driver.driver_findif:269] 
         ----------------------------------------------------------
                                   FINDIF
                     R. A. King and Jonathon Misiewicz
         ----------------------------------------------------------


2025-05-28:10:33:51,10 INFO     [psi4.driver.driver_findif:278]   Using finite-differences of energies to determine gradients.
    Generating geometries for use with 3-point formula.
    Displacement size will be 5.00e-03.

2025-05-28:10:33:51,11 INFO     [psi4.driver.driver_findif:297]     Number of atoms is 2.
    Number of symmetric SALCs is 1.
    Translations projected? 1. Rotations projected? 1.

2025-05-28:10:33:51,11 INFO     [psi4.driver.driver_findif:373]     Number of geometries (including reference) is 3.

2025-05-28:10:33:51,24 INFO     [psi4.driver.task_base:172] <<< JSON launch ... c2v 5.35615271538243
2025-05-28:10:33:51,40 INFO     [psi4.driver.task_planner:285] PLANNING Atomic:  keywords={'SCF__D_CONVERGENCE': 1e-10, 'E_CONVERGENCE': 1e-08, 'SCF__E_CONVERGENCE': 1e-10, 'PARENT_SYMMETRY': 'C2V(Z)', 'function_kwargs': {}}
2025-05-28:10:33:51,41 INFO     [psi4.driver.driver:523] Compute energy(): method=ccsd(t), basis=aug-cc-pvdz, molecule=HF, nre=5.35615271538243
2025-05-28:10:33:51,464 INFO     [psi4.driver.driver:526] Return energy(): -100.26430425713686
2025-05-28:10:33:51,473 INFO     [psi4.driver.task_base:172] <<< JSON launch ... c2v 5.339910475851292
2025-05-28:10:33:51,488 INFO     [psi4.driver.task_planner:285] PLANNING Atomic:  keywords={'SCF__D_CONVERGENCE': 1e-10, 'E_CONVERGENCE': 1e-08, 'SCF__E_CONVERGENCE': 1e-10, 'PARENT_SYMMETRY': 'C2V(Z)', 'function_kwargs': {}}
2025-05-28:10:33:51,490 INFO     [psi4.driver.driver:523] Compute energy(): method=ccsd(t), basis=aug-cc-pvdz, molecule=HF, nre=5.339910475851292
2025-05-28:10:33:51,911 INFO     [psi4.driver.driver:526] Return energy(): -100.26452481312799
2025-05-28:10:33:51,919 INFO     [psi4.driver.task_base:172] <<< JSON launch ... c2v 5.372494063397896
2025-05-28:10:33:51,934 INFO     [psi4.driver.task_planner:285] PLANNING Atomic:  keywords={'SCF__D_CONVERGENCE': 1e-10, 'E_CONVERGENCE': 1e-08, 'SCF__E_CONVERGENCE': 1e-10, 'PARENT_SYMMETRY': 'C2V(Z)', 'function_kwargs': {}}
2025-05-28:10:33:51,936 INFO     [psi4.driver.driver:523] Compute energy(): method=ccsd(t), basis=aug-cc-pvdz, molecule=HF, nre=5.372494063397896
2025-05-28:10:33:52,310 INFO     [psi4.driver.driver:526] Return energy(): -100.26406327793144
2025-05-28:10:33:52,320 INFO     [psi4.driver.driver_findif:278]   Computing gradient from energies.
    Using 3-point formula.
    Energy without displacement: -100.2643042571
    Check energies below for precision!
    Forces are for mass-weighted, symmetry-adapted cartesians [a0].

2025-05-28:10:33:52,320 INFO     [psi4.driver.driver_findif:663] 
     Coord      Energy(-1)        Energy(+1)            Force
        0   -100.2645248131   -100.2640632779      0.0461535197
2025-05-28:10:33:52,320 INFO     [psi4.driver.driver_findif:675] 
         -------------------------------------------------------------

2025-05-28:10:33:52,338 INFO     [psi4.optking.history:256] 	Performing BFGS update.
2025-05-28:10:33:52,338 INFO     [psi4.optking.history:267] 	Using 4 previous steps for update.
2025-05-28:10:33:52,339 WARNING  [psi4.optking.history:285] 	Change in internal coordinate of 5.99e-01 exceeds limit of 5.00e-01.
2025-05-28:10:33:52,339 WARNING  [psi4.optking.history:290] 	Skipping Hessian update for step 3.
2025-05-28:10:33:52,339 WARNING  [psi4.optking.history:285] 	Change in internal coordinate of 1.60e+00 exceeds limit of 5.00e-01.
2025-05-28:10:33:52,339 WARNING  [psi4.optking.history:290] 	Skipping Hessian update for step 2.
2025-05-28:10:33:52,339 WARNING  [psi4.optking.history:285] 	Change in internal coordinate of 2.10e+00 exceeds limit of 5.00e-01.
2025-05-28:10:33:52,339 WARNING  [psi4.optking.history:290] 	Skipping Hessian update for step 1.
2025-05-28:10:33:52,339 INFO     [psi4.optking.history:301] 	Steps to be used in Hessian update:  5 4

2025-05-28:10:33:52,339 INFO     [psi4.optking.history:399] 	Updated Hessian (in au) 
 	   1.833668

2025-05-28:10:33:52,339 INFO     [psi4.optking.molsys:872] Projected (PHP) Hessian matrix
	   1.833668

2025-05-28:10:33:52,339 INFO     [psi4.optking.opt_helper:168] 
	         Geometry (au)                                       Gradient (au)
   0.0000000000   0.0000000000  -1.5956639731		   0.0000000000   0.0000000000   0.0451516200
   0.0000000000   0.0000000000   0.0846465927		   0.0000000000   0.0000000000  -0.0451516200

2025-05-28:10:33:52,339 INFO     [psi4.optking.stepAlgorithms:370] 	Current Step Report 
 
	Current energy:      -100.2643042571
	Energy change for the previous step:
		Actual       :        -0.0177135553
		Projected    :        -0.0154585345

2025-05-28:10:33:52,339 INFO     [psi4.optking.stepAlgorithms:373] 	Energy ratio =    1.14588
2025-05-28:10:33:52,339 INFO     [psi4.optking.stepAlgorithms:401] 	Energy ratio indicates good step.
2025-05-28:10:33:52,339 INFO     [psi4.optking.stepAlgorithms:402] 	Intrafrag trust radius increased to   0.75.
2025-05-28:10:33:52,339 INFO     [psi4.optking.stepAlgorithms:949] 	Using RFO solution 1.
2025-05-28:10:33:52,339 INFO     [psi4.optking.displace:96] 	Determining Cartesian step for fragment 1.
2025-05-28:10:33:52,339 INFO     [psi4.optking.displace:435] 	Successfully converged to displaced geometry.
2025-05-28:10:33:52,339 INFO     [psi4.optking.displace:436] 	RMS(dx):  6.410e-17 	Max(dx):  1.110e-16 	RMS(dq):  2.220e-16
2025-05-28:10:33:52,340 INFO     [psi4.optking.displace:159] 

	        --- Internal Coordinate Step in ANG or DEG, aJ/ANG or AJ/DEG ---
	-------------------------------------------------------------------------------
	           Coordinate      Previous         Force          Change          New 
	           ----------      --------        ------          ------        ------
	               R(1,2)       0.88918        0.37199        0.01302       0.90220
	-------------------------------------------------------------------------------

2025-05-28:10:33:52,340 INFO     [psi4.optking.stepAlgorithms:99] 	|target step| :    0.0246087543
2025-05-28:10:33:52,340 INFO     [psi4.optking.stepAlgorithms:100] 	gradient     :   -0.0451516200
2025-05-28:10:33:52,340 INFO     [psi4.optking.stepAlgorithms:101] 	hessian      :    1.8336676489
2025-05-28:10:33:52,340 INFO     [psi4.optking.stepAlgorithms:99] 	|target step| :    0.0246087543
2025-05-28:10:33:52,340 INFO     [psi4.optking.stepAlgorithms:100] 	gradient     :   -0.0451516200
2025-05-28:10:33:52,340 INFO     [psi4.optking.stepAlgorithms:101] 	hessian      :    1.8336676489
2025-05-28:10:33:52,340 INFO     [psi4.optking.stepAlgorithms:196] 	Norm of achieved step-size    0.0246087543
2025-05-28:10:33:52,340 INFO     [psi4.optking.stepAlgorithms:198] 	Norm of achieved step-size (cart):    0.0174010170
2025-05-28:10:33:52,340 INFO     [psi4.optking.opt_helper:151] Molsys:

	                            ===> Fragment 1 <== 

	 Z (Atomic Numbers)          Masses                          Geom                  
	       1.000000             1.007825          0.00000000  0.00000000 -1.60796835   
	       9.000000            18.998403          0.00000000  0.00000000  0.09695097   

	 - Coordinate -           - BOHR/RAD -       - ANG/DEG -
	 R(1,2)           =         1.704919           0.902204

2025-05-28:10:33:52,340 INFO     [psi4.optking.convcheck:71] Performing convergence check.
2025-05-28:10:33:52,340 INFO     [psi4.optking.convcheck:263] 
	                                 ==> Convergence Check <==                                  
    
	Measures of convergence in internal coordinates in au.
    
	Criteria marked as inactive (o), active & met (*), and active & unmet ( ).

	----------------------------------------------------------------------------------------------
	   Step    Total Energy     Delta E     Max Force     RMS Force      Max Disp      RMS Disp   
	----------------------------------------------------------------------------------------------
	  Convergence Criteria     1.00e-06 *    3.00e-04 *             o    1.20e-03 *             o
	----------------------------------------------------------------------------------------------
	     6    -100.26430426   -1.77e-02      4.52e-02      4.52e-02 o    2.46e-02      2.46e-02 o  ~
	----------------------------------------------------------------------------------------------


2025-05-28:10:33:52,340 INFO     [psi4.optking.stepAlgorithms:297] 	Convergence check returned False
2025-05-28:10:33:52,353 INFO     [psi4.driver.task_planner:289] PLANNING FD:  dermode=(1, 0) keywords={'SCF__GUESS': 'READ', 'function_kwargs': {}, 'SCF__E_CONVERGENCE': 1e-10, 'SCF__D_CONVERGENCE': 1e-10, 'E_CONVERGENCE': 1e-08} findif_kw={'findif_stencil_size': 3, 'findif_step_size': 0.005, 'findif_verbose': 1} kw={'opt_iter': 7}
2025-05-28:10:33:52,353 INFO     [psi4.driver.driver_findif:269] 
         ----------------------------------------------------------
                                   FINDIF
                     R. A. King and Jonathon Misiewicz
         ----------------------------------------------------------


2025-05-28:10:33:52,353 INFO     [psi4.driver.driver_findif:278]   Using finite-differences of energies to determine gradients.
    Generating geometries for use with 3-point formula.
    Displacement size will be 5.00e-03.

2025-05-28:10:33:52,353 INFO     [psi4.driver.driver_findif:297]     Number of atoms is 2.
    Number of symmetric SALCs is 1.
    Translations projected? 1. Rotations projected? 1.

2025-05-28:10:33:52,353 INFO     [psi4.driver.driver_findif:373]     Number of geometries (including reference) is 3.

2025-05-28:10:33:52,367 INFO     [psi4.driver.task_base:172] <<< JSON launch ... c2v 5.278842167906038
2025-05-28:10:33:52,382 INFO     [psi4.driver.task_planner:285] PLANNING Atomic:  keywords={'SCF__D_CONVERGENCE': 1e-10, 'E_CONVERGENCE': 1e-08, 'SCF__E_CONVERGENCE': 1e-10, 'PARENT_SYMMETRY': 'C2V(Z)', 'function_kwargs': {}}
2025-05-28:10:33:52,384 INFO     [psi4.driver.driver:523] Compute energy(): method=ccsd(t), basis=aug-cc-pvdz, molecule=HF, nre=5.278842167906039
2025-05-28:10:33:52,760 INFO     [psi4.driver.driver:526] Return energy(): -100.26518574626462
2025-05-28:10:33:52,769 INFO     [psi4.driver.task_base:172] <<< JSON launch ... c2v 5.263064733888656
2025-05-28:10:33:52,784 INFO     [psi4.driver.task_planner:285] PLANNING Atomic:  keywords={'SCF__D_CONVERGENCE': 1e-10, 'E_CONVERGENCE': 1e-08, 'SCF__E_CONVERGENCE': 1e-10, 'PARENT_SYMMETRY': 'C2V(Z)', 'function_kwargs': {}}
2025-05-28:10:33:52,785 INFO     [psi4.driver.driver:523] Compute energy(): method=ccsd(t), basis=aug-cc-pvdz, molecule=HF, nre=5.263064733888656
2025-05-28:10:33:53,157 INFO     [psi4.driver.driver:526] Return energy(): -100.26531349610794
2025-05-28:10:33:53,168 INFO     [psi4.driver.task_base:172] <<< JSON launch ... c2v 5.294714480442529
2025-05-28:10:33:53,183 INFO     [psi4.driver.task_planner:285] PLANNING Atomic:  keywords={'SCF__D_CONVERGENCE': 1e-10, 'E_CONVERGENCE': 1e-08, 'SCF__E_CONVERGENCE': 1e-10, 'PARENT_SYMMETRY': 'C2V(Z)', 'function_kwargs': {}}
2025-05-28:10:33:53,184 INFO     [psi4.driver.driver:523] Compute energy(): method=ccsd(t), basis=aug-cc-pvdz, molecule=HF, nre=5.294714480442529
2025-05-28:10:33:53,604 INFO     [psi4.driver.driver:526] Return energy(): -100.26503945361236
2025-05-28:10:33:53,614 INFO     [psi4.driver.driver_findif:278]   Computing gradient from energies.
    Using 3-point formula.
    Energy without displacement: -100.2651857463
    Check energies below for precision!
    Forces are for mass-weighted, symmetry-adapted cartesians [a0].

2025-05-28:10:33:53,614 INFO     [psi4.driver.driver_findif:663] 
     Coord      Energy(-1)        Energy(+1)            Force
        0   -100.2653134961   -100.2650394536      0.0274042496
2025-05-28:10:33:53,614 INFO     [psi4.driver.driver_findif:675] 
         -------------------------------------------------------------

2025-05-28:10:33:53,632 INFO     [psi4.optking.history:256] 	Performing BFGS update.
2025-05-28:10:33:53,632 INFO     [psi4.optking.history:267] 	Using 4 previous steps for update.
2025-05-28:10:33:53,632 WARNING  [psi4.optking.history:285] 	Change in internal coordinate of 5.75e-01 exceeds limit of 5.00e-01.
2025-05-28:10:33:53,632 WARNING  [psi4.optking.history:290] 	Skipping Hessian update for step 3.
2025-05-28:10:33:53,633 WARNING  [psi4.optking.history:285] 	Change in internal coordinate of 1.57e+00 exceeds limit of 5.00e-01.
2025-05-28:10:33:53,633 WARNING  [psi4.optking.history:290] 	Skipping Hessian update for step 2.
2025-05-28:10:33:53,633 WARNING  [psi4.optking.history:285] 	Change in internal coordinate of 2.07e+00 exceeds limit of 5.00e-01.
2025-05-28:10:33:53,633 WARNING  [psi4.optking.history:290] 	Skipping Hessian update for step 1.
2025-05-28:10:33:53,633 INFO     [psi4.optking.history:301] 	Steps to be used in Hessian update:  6 5 4

2025-05-28:10:33:53,633 INFO     [psi4.optking.history:399] 	Updated Hessian (in au) 
 	   1.770721

2025-05-28:10:33:53,633 INFO     [psi4.optking.molsys:872] Projected (PHP) Hessian matrix
	   1.770721

2025-05-28:10:33:53,633 INFO     [psi4.optking.opt_helper:168] 
	         Geometry (au)                                       Gradient (au)
   0.0000000000   0.0000000000  -1.6190330475		   0.0000000000   0.0000000000   0.0268093587
   0.0000000000   0.0000000000   0.0858862726		   0.0000000000   0.0000000000  -0.0268093587

2025-05-28:10:33:53,633 INFO     [psi4.optking.stepAlgorithms:370] 	Current Step Report 
 
	Current energy:      -100.2651857463
	Energy change for the previous step:
		Actual       :        -0.0008814891
		Projected    :        -0.0005555626

2025-05-28:10:33:53,633 INFO     [psi4.optking.stepAlgorithms:373] 	Energy ratio =    1.58666
2025-05-28:10:33:53,633 INFO     [psi4.optking.stepAlgorithms:401] 	Energy ratio indicates good step.
2025-05-28:10:33:53,633 INFO     [psi4.optking.stepAlgorithms:402] 	Intrafrag trust radius increased to      1.
2025-05-28:10:33:53,633 INFO     [psi4.optking.stepAlgorithms:949] 	Using RFO solution 1.
2025-05-28:10:33:53,633 INFO     [psi4.optking.displace:96] 	Determining Cartesian step for fragment 1.
2025-05-28:10:33:53,633 INFO     [psi4.optking.displace:435] 	Successfully converged to displaced geometry.
2025-05-28:10:33:53,633 INFO     [psi4.optking.displace:436] 	RMS(dx):  0.000e+00 	Max(dx):  0.000e+00 	RMS(dq):  0.000e+00
2025-05-28:10:33:53,633 INFO     [psi4.optking.displace:159] 

	        --- Internal Coordinate Step in ANG or DEG, aJ/ANG or AJ/DEG ---
	-------------------------------------------------------------------------------
	           Coordinate      Previous         Force          Change          New 
	           ----------      --------        ------          ------        ------
	               R(1,2)       0.90220        0.22087        0.00801       0.91021
	-------------------------------------------------------------------------------

2025-05-28:10:33:53,633 INFO     [psi4.optking.stepAlgorithms:99] 	|target step| :    0.0151368919
2025-05-28:10:33:53,633 INFO     [psi4.optking.stepAlgorithms:100] 	gradient     :   -0.0268093587
2025-05-28:10:33:53,634 INFO     [psi4.optking.stepAlgorithms:101] 	hessian      :    1.7707212364
2025-05-28:10:33:53,634 INFO     [psi4.optking.stepAlgorithms:99] 	|target step| :    0.0151368919
2025-05-28:10:33:53,634 INFO     [psi4.optking.stepAlgorithms:100] 	gradient     :   -0.0268093587
2025-05-28:10:33:53,634 INFO     [psi4.optking.stepAlgorithms:101] 	hessian      :    1.7707212364
2025-05-28:10:33:53,634 INFO     [psi4.optking.stepAlgorithms:196] 	Norm of achieved step-size    0.0151368919
2025-05-28:10:33:53,634 INFO     [psi4.optking.stepAlgorithms:198] 	Norm of achieved step-size (cart):    0.0107033989
2025-05-28:10:33:53,634 INFO     [psi4.optking.opt_helper:151] Molsys:

	                            ===> Fragment 1 <== 

	 Z (Atomic Numbers)          Masses                          Geom                  
	       1.000000             1.007825          0.00000000  0.00000000 -1.62660149   
	       9.000000            18.998403          0.00000000  0.00000000  0.09345472   

	 - Coordinate -           - BOHR/RAD -       - ANG/DEG -
	 R(1,2)           =         1.720056           0.910215

2025-05-28:10:33:53,634 INFO     [psi4.optking.convcheck:71] Performing convergence check.
2025-05-28:10:33:53,634 INFO     [psi4.optking.convcheck:263] 
	                                 ==> Convergence Check <==                                  
    
	Measures of convergence in internal coordinates in au.
    
	Criteria marked as inactive (o), active & met (*), and active & unmet ( ).

	----------------------------------------------------------------------------------------------
	   Step    Total Energy     Delta E     Max Force     RMS Force      Max Disp      RMS Disp   
	----------------------------------------------------------------------------------------------
	  Convergence Criteria     1.00e-06 *    3.00e-04 *             o    1.20e-03 *             o
	----------------------------------------------------------------------------------------------
	     7    -100.26518575   -8.81e-04      2.68e-02      2.68e-02 o    1.51e-02      1.51e-02 o  ~
	----------------------------------------------------------------------------------------------


2025-05-28:10:33:53,634 INFO     [psi4.optking.stepAlgorithms:297] 	Convergence check returned False
2025-05-28:10:33:53,647 INFO     [psi4.driver.task_planner:289] PLANNING FD:  dermode=(1, 0) keywords={'SCF__GUESS': 'READ', 'function_kwargs': {}, 'SCF__E_CONVERGENCE': 1e-10, 'SCF__D_CONVERGENCE': 1e-10, 'E_CONVERGENCE': 1e-08} findif_kw={'findif_stencil_size': 3, 'findif_step_size': 0.005, 'findif_verbose': 1} kw={'opt_iter': 8}
2025-05-28:10:33:53,647 INFO     [psi4.driver.driver_findif:269] 
         ----------------------------------------------------------
                                   FINDIF
                     R. A. King and Jonathon Misiewicz
         ----------------------------------------------------------


2025-05-28:10:33:53,647 INFO     [psi4.driver.driver_findif:278]   Using finite-differences of energies to determine gradients.
    Generating geometries for use with 3-point formula.
    Displacement size will be 5.00e-03.

2025-05-28:10:33:53,647 INFO     [psi4.driver.driver_findif:297]     Number of atoms is 2.
    Number of symmetric SALCs is 1.
    Translations projected? 1. Rotations projected? 1.

2025-05-28:10:33:53,647 INFO     [psi4.driver.driver_findif:373]     Number of geometries (including reference) is 3.

2025-05-28:10:33:53,661 INFO     [psi4.driver.task_base:172] <<< JSON launch ... c2v 5.232387137676224
2025-05-28:10:33:53,676 INFO     [psi4.driver.task_planner:285] PLANNING Atomic:  keywords={'SCF__D_CONVERGENCE': 1e-10, 'E_CONVERGENCE': 1e-08, 'SCF__E_CONVERGENCE': 1e-10, 'PARENT_SYMMETRY': 'C2V(Z)', 'function_kwargs': {}}
2025-05-28:10:33:53,678 INFO     [psi4.driver.driver:523] Compute energy(): method=ccsd(t), basis=aug-cc-pvdz, molecule=HF, nre=5.232387137676224
2025-05-28:10:33:54,42 INFO     [psi4.driver.driver:526] Return energy(): -100.26551164826186
2025-05-28:10:33:54,50 INFO     [psi4.driver.task_base:172] <<< JSON launch ... c2v 5.2168857641966095
2025-05-28:10:33:54,66 INFO     [psi4.driver.task_planner:285] PLANNING Atomic:  keywords={'SCF__D_CONVERGENCE': 1e-10, 'E_CONVERGENCE': 1e-08, 'SCF__E_CONVERGENCE': 1e-10, 'PARENT_SYMMETRY': 'C2V(Z)', 'function_kwargs': {}}
2025-05-28:10:33:54,67 INFO     [psi4.driver.driver:523] Compute energy(): method=ccsd(t), basis=aug-cc-pvdz, molecule=HF, nre=5.2168857641966095
2025-05-28:10:33:54,435 INFO     [psi4.driver.driver:526] Return energy(): -100.26558662879515
2025-05-28:10:33:54,443 INFO     [psi4.driver.task_base:172] <<< JSON launch ... c2v 5.247980906780429
2025-05-28:10:33:54,459 INFO     [psi4.driver.task_planner:285] PLANNING Atomic:  keywords={'SCF__D_CONVERGENCE': 1e-10, 'E_CONVERGENCE': 1e-08, 'SCF__E_CONVERGENCE': 1e-10, 'PARENT_SYMMETRY': 'C2V(Z)', 'function_kwargs': {}}
2025-05-28:10:33:54,460 INFO     [psi4.driver.driver:523] Compute energy(): method=ccsd(t), basis=aug-cc-pvdz, molecule=HF, nre=5.247980906780429
2025-05-28:10:33:54,824 INFO     [psi4.driver.driver:526] Return energy(): -100.26541920304362
2025-05-28:10:33:54,834 INFO     [psi4.driver.driver_findif:278]   Computing gradient from energies.
    Using 3-point formula.
    Energy without displacement: -100.2655116483
    Check energies below for precision!
    Forces are for mass-weighted, symmetry-adapted cartesians [a0].

2025-05-28:10:33:54,834 INFO     [psi4.driver.driver_findif:663] 
     Coord      Energy(-1)        Energy(+1)            Force
        0   -100.2655866288   -100.2654192030      0.0167425752
2025-05-28:10:33:54,834 INFO     [psi4.driver.driver_findif:675] 
         -------------------------------------------------------------

2025-05-28:10:33:54,852 INFO     [psi4.optking.history:256] 	Performing BFGS update.
2025-05-28:10:33:54,852 INFO     [psi4.optking.history:267] 	Using 4 previous steps for update.
2025-05-28:10:33:54,852 INFO     [psi4.optking.history:301] 	Steps to be used in Hessian update:  7 6 5 4

2025-05-28:10:33:54,852 INFO     [psi4.optking.history:399] 	Updated Hessian (in au) 
 	   1.733561

2025-05-28:10:33:54,853 INFO     [psi4.optking.molsys:872] Projected (PHP) Hessian matrix
	   1.733561

2025-05-28:10:33:54,853 INFO     [psi4.optking.opt_helper:168] 
	         Geometry (au)                                       Gradient (au)
   0.0000000000   0.0000000000  -1.6334074100		   0.0000000000   0.0000000000   0.0163791277
   0.0000000000   0.0000000000   0.0866488021		   0.0000000000   0.0000000000  -0.0163791277

2025-05-28:10:33:54,853 INFO     [psi4.optking.stepAlgorithms:370] 	Current Step Report 
 
	Current energy:      -100.2655116483
	Energy change for the previous step:
		Actual       :        -0.0003259020
		Projected    :        -0.0002029052

2025-05-28:10:33:54,853 INFO     [psi4.optking.stepAlgorithms:373] 	Energy ratio =    1.60618
2025-05-28:10:33:54,853 INFO     [psi4.optking.stepAlgorithms:949] 	Using RFO solution 1.
2025-05-28:10:33:54,853 INFO     [psi4.optking.displace:96] 	Determining Cartesian step for fragment 1.
2025-05-28:10:33:54,853 INFO     [psi4.optking.displace:435] 	Successfully converged to displaced geometry.
2025-05-28:10:33:54,853 INFO     [psi4.optking.displace:436] 	RMS(dx):  6.410e-17 	Max(dx):  1.110e-16 	RMS(dq):  0.000e+00
2025-05-28:10:33:54,853 INFO     [psi4.optking.displace:159] 

	        --- Internal Coordinate Step in ANG or DEG, aJ/ANG or AJ/DEG ---
	-------------------------------------------------------------------------------
	           Coordinate      Previous         Force          Change          New 
	           ----------      --------        ------          ------        ------
	               R(1,2)       0.91021        0.13494        0.00500       0.91521
	-------------------------------------------------------------------------------

2025-05-28:10:33:54,853 INFO     [psi4.optking.stepAlgorithms:99] 	|target step| :    0.0094474101
2025-05-28:10:33:54,853 INFO     [psi4.optking.stepAlgorithms:100] 	gradient     :   -0.0163791277
2025-05-28:10:33:54,853 INFO     [psi4.optking.stepAlgorithms:101] 	hessian      :    1.7335614367
2025-05-28:10:33:54,853 INFO     [psi4.optking.stepAlgorithms:99] 	|target step| :    0.0094474101
2025-05-28:10:33:54,853 INFO     [psi4.optking.stepAlgorithms:100] 	gradient     :   -0.0163791277
2025-05-28:10:33:54,853 INFO     [psi4.optking.stepAlgorithms:101] 	hessian      :    1.7335614367
2025-05-28:10:33:54,853 INFO     [psi4.optking.stepAlgorithms:196] 	Norm of achieved step-size    0.0094474101
2025-05-28:10:33:54,853 INFO     [psi4.optking.stepAlgorithms:198] 	Norm of achieved step-size (cart):    0.0066803277
2025-05-28:10:33:54,853 INFO     [psi4.optking.opt_helper:151] Molsys:

	                            ===> Fragment 1 <== 

	 Z (Atomic Numbers)          Masses                          Geom                  
	       1.000000             1.007825          0.00000000  0.00000000 -1.63813111   
	       9.000000            18.998403          0.00000000  0.00000000  0.09137251   

	 - Coordinate -           - BOHR/RAD -       - ANG/DEG -
	 R(1,2)           =         1.729504           0.915214

2025-05-28:10:33:54,854 INFO     [psi4.optking.convcheck:71] Performing convergence check.
2025-05-28:10:33:54,854 INFO     [psi4.optking.convcheck:263] 
	                                 ==> Convergence Check <==                                  
    
	Measures of convergence in internal coordinates in au.
    
	Criteria marked as inactive (o), active & met (*), and active & unmet ( ).

	----------------------------------------------------------------------------------------------
	   Step    Total Energy     Delta E     Max Force     RMS Force      Max Disp      RMS Disp   
	----------------------------------------------------------------------------------------------
	  Convergence Criteria     1.00e-06 *    3.00e-04 *             o    1.20e-03 *             o
	----------------------------------------------------------------------------------------------
	     8    -100.26551165   -3.26e-04      1.64e-02      1.64e-02 o    9.45e-03      9.45e-03 o  ~
	----------------------------------------------------------------------------------------------


2025-05-28:10:33:54,854 INFO     [psi4.optking.stepAlgorithms:297] 	Convergence check returned False
2025-05-28:10:33:54,866 INFO     [psi4.driver.task_planner:289] PLANNING FD:  dermode=(1, 0) keywords={'SCF__GUESS': 'READ', 'function_kwargs': {}, 'SCF__E_CONVERGENCE': 1e-10, 'SCF__D_CONVERGENCE': 1e-10, 'E_CONVERGENCE': 1e-08} findif_kw={'findif_stencil_size': 3, 'findif_step_size': 0.005, 'findif_verbose': 1} kw={'opt_iter': 9}
2025-05-28:10:33:54,867 INFO     [psi4.driver.driver_findif:269] 
         ----------------------------------------------------------
                                   FINDIF
                     R. A. King and Jonathon Misiewicz
         ----------------------------------------------------------


2025-05-28:10:33:54,867 INFO     [psi4.driver.driver_findif:278]   Using finite-differences of energies to determine gradients.
    Generating geometries for use with 3-point formula.
    Displacement size will be 5.00e-03.

2025-05-28:10:33:54,867 INFO     [psi4.driver.driver_findif:297]     Number of atoms is 2.
    Number of symmetric SALCs is 1.
    Translations projected? 1. Rotations projected? 1.

2025-05-28:10:33:54,867 INFO     [psi4.driver.driver_findif:373]     Number of geometries (including reference) is 3.

2025-05-28:10:33:54,881 INFO     [psi4.driver.task_base:172] <<< JSON launch ... c2v 5.203805233409465
2025-05-28:10:33:54,896 INFO     [psi4.driver.task_planner:285] PLANNING Atomic:  keywords={'SCF__D_CONVERGENCE': 1e-10, 'E_CONVERGENCE': 1e-08, 'SCF__E_CONVERGENCE': 1e-10, 'PARENT_SYMMETRY': 'C2V(Z)', 'function_kwargs': {}}
2025-05-28:10:33:54,898 INFO     [psi4.driver.driver:523] Compute energy(): method=ccsd(t), basis=aug-cc-pvdz, molecule=HF, nre=5.203805233409465
2025-05-28:10:33:55,274 INFO     [psi4.driver.driver:526] Return energy(): -100.2656368133881
2025-05-28:10:33:55,283 INFO     [psi4.driver.task_base:172] <<< JSON launch ... c2v 5.188472501698308
2025-05-28:10:33:55,298 INFO     [psi4.driver.task_planner:285] PLANNING Atomic:  keywords={'SCF__D_CONVERGENCE': 1e-10, 'E_CONVERGENCE': 1e-08, 'SCF__E_CONVERGENCE': 1e-10, 'PARENT_SYMMETRY': 'C2V(Z)', 'function_kwargs': {}}
2025-05-28:10:33:55,300 INFO     [psi4.driver.driver:523] Compute energy(): method=ccsd(t), basis=aug-cc-pvdz, molecule=HF, nre=5.188472501698308
2025-05-28:10:33:55,742 INFO     [psi4.driver.driver:526] Return energy(): -100.26568043092342
2025-05-28:10:33:55,752 INFO     [psi4.driver.task_base:172] <<< JSON launch ... c2v 5.2192288548596135
2025-05-28:10:33:55,768 INFO     [psi4.driver.task_planner:285] PLANNING Atomic:  keywords={'SCF__D_CONVERGENCE': 1e-10, 'E_CONVERGENCE': 1e-08, 'SCF__E_CONVERGENCE': 1e-10, 'PARENT_SYMMETRY': 'C2V(Z)', 'function_kwargs': {}}
2025-05-28:10:33:55,770 INFO     [psi4.driver.driver:523] Compute energy(): method=ccsd(t), basis=aug-cc-pvdz, molecule=HF, nre=5.2192288548596135
2025-05-28:10:33:56,208 INFO     [psi4.driver.driver:526] Return energy(): -100.26557637538545
2025-05-28:10:33:56,218 INFO     [psi4.driver.driver_findif:278]   Computing gradient from energies.
    Using 3-point formula.
    Energy without displacement: -100.2656368134
    Check energies below for precision!
    Forces are for mass-weighted, symmetry-adapted cartesians [a0].

2025-05-28:10:33:56,218 INFO     [psi4.driver.driver_findif:663] 
     Coord      Energy(-1)        Energy(+1)            Force
        0   -100.2656804309   -100.2655763754      0.0104055538
2025-05-28:10:33:56,218 INFO     [psi4.driver.driver_findif:675] 
         -------------------------------------------------------------

2025-05-28:10:33:56,238 INFO     [psi4.optking.history:256] 	Performing BFGS update.
2025-05-28:10:33:56,238 INFO     [psi4.optking.history:267] 	Using 4 previous steps for update.
2025-05-28:10:33:56,238 INFO     [psi4.optking.history:301] 	Steps to be used in Hessian update:  8 7 6 5

2025-05-28:10:33:56,238 INFO     [psi4.optking.history:399] 	Updated Hessian (in au) 
 	   0.973490

2025-05-28:10:33:56,238 INFO     [psi4.optking.molsys:872] Projected (PHP) Hessian matrix
	   0.973490

2025-05-28:10:33:56,238 INFO     [psi4.optking.opt_helper:168] 
	         Geometry (au)                                       Gradient (au)
   0.0000000000   0.0000000000  -1.6423789014		   0.0000000000   0.0000000000   0.0101796703
   0.0000000000   0.0000000000   0.0871247207		   0.0000000000   0.0000000000  -0.0101796703

2025-05-28:10:33:56,238 INFO     [psi4.optking.stepAlgorithms:370] 	Current Step Report 
 
	Current energy:      -100.2656368134
	Energy change for the previous step:
		Actual       :        -0.0001251651
		Projected    :        -0.0000773702

2025-05-28:10:33:56,238 INFO     [psi4.optking.stepAlgorithms:373] 	Energy ratio =    1.61774
2025-05-28:10:33:56,239 INFO     [psi4.optking.stepAlgorithms:949] 	Using RFO solution 1.
2025-05-28:10:33:56,239 INFO     [psi4.optking.displace:96] 	Determining Cartesian step for fragment 1.
2025-05-28:10:33:56,239 INFO     [psi4.optking.displace:435] 	Successfully converged to displaced geometry.
2025-05-28:10:33:56,239 INFO     [psi4.optking.displace:436] 	RMS(dx):  6.410e-17 	Max(dx):  1.110e-16 	RMS(dq):  0.000e+00
2025-05-28:10:33:56,239 INFO     [psi4.optking.displace:159] 

	        --- Internal Coordinate Step in ANG or DEG, aJ/ANG or AJ/DEG ---
	-------------------------------------------------------------------------------
	           Coordinate      Previous         Force          Change          New 
	           ----------      --------        ------          ------        ------
	               R(1,2)       0.91521        0.08387        0.00553       0.92075
	-------------------------------------------------------------------------------

2025-05-28:10:33:56,239 INFO     [psi4.optking.stepAlgorithms:99] 	|target step| :    0.0104557384
2025-05-28:10:33:56,239 INFO     [psi4.optking.stepAlgorithms:100] 	gradient     :   -0.0101796703
2025-05-28:10:33:56,239 INFO     [psi4.optking.stepAlgorithms:101] 	hessian      :    0.9734900628
2025-05-28:10:33:56,239 INFO     [psi4.optking.stepAlgorithms:99] 	|target step| :    0.0104557384
2025-05-28:10:33:56,239 INFO     [psi4.optking.stepAlgorithms:100] 	gradient     :   -0.0101796703
2025-05-28:10:33:56,239 INFO     [psi4.optking.stepAlgorithms:101] 	hessian      :    0.9734900628
2025-05-28:10:33:56,239 INFO     [psi4.optking.stepAlgorithms:196] 	Norm of achieved step-size    0.0104557384
2025-05-28:10:33:56,239 INFO     [psi4.optking.stepAlgorithms:198] 	Norm of achieved step-size (cart):    0.0073933235
2025-05-28:10:33:56,239 INFO     [psi4.optking.opt_helper:151] Molsys:

	                            ===> Fragment 1 <== 

	 Z (Atomic Numbers)          Masses                          Geom                  
	       1.000000             1.007825          0.00000000  0.00000000 -1.64760677   
	       9.000000            18.998403          0.00000000  0.00000000  0.09235259   

	 - Coordinate -           - BOHR/RAD -       - ANG/DEG -
	 R(1,2)           =         1.739959           0.920747

2025-05-28:10:33:56,239 INFO     [psi4.optking.convcheck:71] Performing convergence check.
2025-05-28:10:33:56,239 INFO     [psi4.optking.convcheck:263] 
	                                 ==> Convergence Check <==                                  
    
	Measures of convergence in internal coordinates in au.
    
	Criteria marked as inactive (o), active & met (*), and active & unmet ( ).

	----------------------------------------------------------------------------------------------
	   Step    Total Energy     Delta E     Max Force     RMS Force      Max Disp      RMS Disp   
	----------------------------------------------------------------------------------------------
	  Convergence Criteria     1.00e-06 *    3.00e-04 *             o    1.20e-03 *             o
	----------------------------------------------------------------------------------------------
	     9    -100.26563681   -1.25e-04      1.02e-02      1.02e-02 o    1.05e-02      1.05e-02 o  ~
	----------------------------------------------------------------------------------------------


2025-05-28:10:33:56,239 INFO     [psi4.optking.stepAlgorithms:297] 	Convergence check returned False
2025-05-28:10:33:56,253 INFO     [psi4.driver.task_planner:289] PLANNING FD:  dermode=(1, 0) keywords={'SCF__GUESS': 'READ', 'function_kwargs': {}, 'SCF__E_CONVERGENCE': 1e-10, 'SCF__D_CONVERGENCE': 1e-10, 'E_CONVERGENCE': 1e-08} findif_kw={'findif_stencil_size': 3, 'findif_step_size': 0.005, 'findif_verbose': 1} kw={'opt_iter': 10}
2025-05-28:10:33:56,253 INFO     [psi4.driver.driver_findif:269] 
         ----------------------------------------------------------
                                   FINDIF
                     R. A. King and Jonathon Misiewicz
         ----------------------------------------------------------


2025-05-28:10:33:56,253 INFO     [psi4.driver.driver_findif:278]   Using finite-differences of energies to determine gradients.
    Generating geometries for use with 3-point formula.
    Displacement size will be 5.00e-03.

2025-05-28:10:33:56,253 INFO     [psi4.driver.driver_findif:297]     Number of atoms is 2.
    Number of symmetric SALCs is 1.
    Translations projected? 1. Rotations projected? 1.

2025-05-28:10:33:56,253 INFO     [psi4.driver.driver_findif:373]     Number of geometries (including reference) is 3.

2025-05-28:10:33:56,267 INFO     [psi4.driver.task_base:172] <<< JSON launch ... c2v 5.172534603078915
2025-05-28:10:33:56,284 INFO     [psi4.driver.task_planner:285] PLANNING Atomic:  keywords={'SCF__D_CONVERGENCE': 1e-10, 'E_CONVERGENCE': 1e-08, 'SCF__E_CONVERGENCE': 1e-10, 'PARENT_SYMMETRY': 'C2V(Z)', 'function_kwargs': {}}
2025-05-28:10:33:56,285 INFO     [psi4.driver.driver:523] Compute energy(): method=ccsd(t), basis=aug-cc-pvdz, molecule=HF, nre=5.172534603078915
2025-05-28:10:33:56,746 INFO     [psi4.driver.driver:526] Return energy(): -100.2657084203969
2025-05-28:10:33:56,756 INFO     [psi4.driver.task_base:172] <<< JSON launch ... c2v 5.157385323923345
2025-05-28:10:33:56,774 INFO     [psi4.driver.task_planner:285] PLANNING Atomic:  keywords={'SCF__D_CONVERGENCE': 1e-10, 'E_CONVERGENCE': 1e-08, 'SCF__E_CONVERGENCE': 1e-10, 'PARENT_SYMMETRY': 'C2V(Z)', 'function_kwargs': {}}
2025-05-28:10:33:56,775 INFO     [psi4.driver.driver:523] Compute energy(): method=ccsd(t), basis=aug-cc-pvdz, molecule=HF, nre=5.157385323923345
2025-05-28:10:33:57,176 INFO     [psi4.driver.driver:526] Return energy(): -100.26571867886832
2025-05-28:10:33:57,184 INFO     [psi4.driver.task_base:172] <<< JSON launch ... c2v 5.187773143270711
2025-05-28:10:33:57,200 INFO     [psi4.driver.task_planner:285] PLANNING Atomic:  keywords={'SCF__D_CONVERGENCE': 1e-10, 'E_CONVERGENCE': 1e-08, 'SCF__E_CONVERGENCE': 1e-10, 'PARENT_SYMMETRY': 'C2V(Z)', 'function_kwargs': {}}
2025-05-28:10:33:57,202 INFO     [psi4.driver.driver:523] Compute energy(): method=ccsd(t), basis=aug-cc-pvdz, molecule=HF, nre=5.187773143270711
2025-05-28:10:33:57,619 INFO     [psi4.driver.driver:526] Return energy(): -100.2656820297249
2025-05-28:10:33:57,629 INFO     [psi4.driver.driver_findif:278]   Computing gradient from energies.
    Using 3-point formula.
    Energy without displacement: -100.2657084204
    Check energies below for precision!
    Forces are for mass-weighted, symmetry-adapted cartesians [a0].

2025-05-28:10:33:57,629 INFO     [psi4.driver.driver_findif:663] 
     Coord      Energy(-1)        Energy(+1)            Force
        0   -100.2657186789   -100.2656820297      0.0036649143
2025-05-28:10:33:57,629 INFO     [psi4.driver.driver_findif:675] 
         -------------------------------------------------------------

2025-05-28:10:33:57,648 INFO     [psi4.optking.history:256] 	Performing BFGS update.
2025-05-28:10:33:57,648 INFO     [psi4.optking.history:267] 	Using 4 previous steps for update.
2025-05-28:10:33:57,648 INFO     [psi4.optking.history:301] 	Steps to be used in Hessian update:  9 8 7 6

2025-05-28:10:33:57,648 INFO     [psi4.optking.history:399] 	Updated Hessian (in au) 
 	   0.696850

2025-05-28:10:33:57,648 INFO     [psi4.optking.molsys:872] Projected (PHP) Hessian matrix
	   0.696850

2025-05-28:10:33:57,648 INFO     [psi4.optking.opt_helper:168] 
	         Geometry (au)                                       Gradient (au)
   0.0000000000   0.0000000000  -1.6523079261		   0.0000000000   0.0000000000   0.0035853565
   0.0000000000   0.0000000000   0.0876514344		   0.0000000000   0.0000000000  -0.0035853565

2025-05-28:10:33:57,648 INFO     [psi4.optking.stepAlgorithms:370] 	Current Step Report 
 
	Current energy:      -100.2657084204
	Energy change for the previous step:
		Actual       :        -0.0000716070
		Projected    :        -0.0000532180

2025-05-28:10:33:57,648 INFO     [psi4.optking.stepAlgorithms:373] 	Energy ratio =    1.34554
2025-05-28:10:33:57,648 INFO     [psi4.optking.stepAlgorithms:949] 	Using RFO solution 1.
2025-05-28:10:33:57,648 INFO     [psi4.optking.displace:96] 	Determining Cartesian step for fragment 1.
2025-05-28:10:33:57,649 INFO     [psi4.optking.displace:435] 	Successfully converged to displaced geometry.
2025-05-28:10:33:57,649 INFO     [psi4.optking.displace:436] 	RMS(dx):  6.410e-17 	Max(dx):  1.110e-16 	RMS(dq):  2.220e-16
2025-05-28:10:33:57,649 INFO     [psi4.optking.displace:159] 

	        --- Internal Coordinate Step in ANG or DEG, aJ/ANG or AJ/DEG ---
	-------------------------------------------------------------------------------
	           Coordinate      Previous         Force          Change          New 
	           ----------      --------        ------          ------        ------
	               R(1,2)       0.92075        0.02954        0.00272       0.92347
	-------------------------------------------------------------------------------

2025-05-28:10:33:57,649 INFO     [psi4.optking.stepAlgorithms:99] 	|target step| :    0.0051449544
2025-05-28:10:33:57,649 INFO     [psi4.optking.stepAlgorithms:100] 	gradient     :   -0.0035853565
2025-05-28:10:33:57,649 INFO     [psi4.optking.stepAlgorithms:101] 	hessian      :    0.6968500170
2025-05-28:10:33:57,649 INFO     [psi4.optking.stepAlgorithms:99] 	|target step| :    0.0051449544
2025-05-28:10:33:57,649 INFO     [psi4.optking.stepAlgorithms:100] 	gradient     :   -0.0035853565
2025-05-28:10:33:57,649 INFO     [psi4.optking.stepAlgorithms:101] 	hessian      :    0.6968500170
2025-05-28:10:33:57,649 INFO     [psi4.optking.stepAlgorithms:196] 	Norm of achieved step-size    0.0051449544
2025-05-28:10:33:57,649 INFO     [psi4.optking.stepAlgorithms:198] 	Norm of achieved step-size (cart):    0.0036380321
2025-05-28:10:33:57,649 INFO     [psi4.optking.opt_helper:151] Molsys:

	                            ===> Fragment 1 <== 

	 Z (Atomic Numbers)          Masses                          Geom                  
	       1.000000             1.007825          0.00000000  0.00000000 -1.65488040   
	       9.000000            18.998403          0.00000000  0.00000000  0.09022391   

	 - Coordinate -           - BOHR/RAD -       - ANG/DEG -
	 R(1,2)           =         1.745104           0.923469

2025-05-28:10:33:57,649 INFO     [psi4.optking.convcheck:71] Performing convergence check.
2025-05-28:10:33:57,649 INFO     [psi4.optking.convcheck:263] 
	                                 ==> Convergence Check <==                                  
    
	Measures of convergence in internal coordinates in au.
    
	Criteria marked as inactive (o), active & met (*), and active & unmet ( ).

	----------------------------------------------------------------------------------------------
	   Step    Total Energy     Delta E     Max Force     RMS Force      Max Disp      RMS Disp   
	----------------------------------------------------------------------------------------------
	  Convergence Criteria     1.00e-06 *    3.00e-04 *             o    1.20e-03 *             o
	----------------------------------------------------------------------------------------------
	    10    -100.26570842   -7.16e-05      3.59e-03      3.59e-03 o    5.14e-03      5.14e-03 o  ~
	----------------------------------------------------------------------------------------------


2025-05-28:10:33:57,649 INFO     [psi4.optking.stepAlgorithms:297] 	Convergence check returned False
2025-05-28:10:33:57,662 INFO     [psi4.driver.task_planner:289] PLANNING FD:  dermode=(1, 0) keywords={'SCF__GUESS': 'READ', 'function_kwargs': {}, 'SCF__E_CONVERGENCE': 1e-10, 'SCF__D_CONVERGENCE': 1e-10, 'E_CONVERGENCE': 1e-08} findif_kw={'findif_stencil_size': 3, 'findif_step_size': 0.005, 'findif_verbose': 1} kw={'opt_iter': 11}
2025-05-28:10:33:57,663 INFO     [psi4.driver.driver_findif:269] 
         ----------------------------------------------------------
                                   FINDIF
                     R. A. King and Jonathon Misiewicz
         ----------------------------------------------------------


2025-05-28:10:33:57,663 INFO     [psi4.driver.driver_findif:278]   Using finite-differences of energies to determine gradients.
    Generating geometries for use with 3-point formula.
    Displacement size will be 5.00e-03.

2025-05-28:10:33:57,663 INFO     [psi4.driver.driver_findif:297]     Number of atoms is 2.
    Number of symmetric SALCs is 1.
    Translations projected? 1. Rotations projected? 1.

2025-05-28:10:33:57,663 INFO     [psi4.driver.driver_findif:373]     Number of geometries (including reference) is 3.

2025-05-28:10:33:57,676 INFO     [psi4.driver.task_base:172] <<< JSON launch ... c2v 5.157284824390326
2025-05-28:10:33:57,692 INFO     [psi4.driver.task_planner:285] PLANNING Atomic:  keywords={'SCF__D_CONVERGENCE': 1e-10, 'E_CONVERGENCE': 1e-08, 'SCF__E_CONVERGENCE': 1e-10, 'PARENT_SYMMETRY': 'C2V(Z)', 'function_kwargs': {}}
2025-05-28:10:33:57,693 INFO     [psi4.driver.driver:523] Compute energy(): method=ccsd(t), basis=aug-cc-pvdz, molecule=HF, nre=5.157284824390326
2025-05-28:10:33:58,70 INFO     [psi4.driver.driver:526] Return energy(): -100.26571869383469
2025-05-28:10:33:58,79 INFO     [psi4.driver.task_base:172] <<< JSON launch ... c2v 5.142224610382858
2025-05-28:10:33:58,95 INFO     [psi4.driver.task_planner:285] PLANNING Atomic:  keywords={'SCF__D_CONVERGENCE': 1e-10, 'E_CONVERGENCE': 1e-08, 'SCF__E_CONVERGENCE': 1e-10, 'PARENT_SYMMETRY': 'C2V(Z)', 'function_kwargs': {}}
2025-05-28:10:33:58,96 INFO     [psi4.driver.driver:523] Compute energy(): method=ccsd(t), basis=aug-cc-pvdz, molecule=HF, nre=5.142224610382858
2025-05-28:10:33:58,488 INFO     [psi4.driver.driver:526] Return energy(): -100.2657130432775
2025-05-28:10:33:58,502 INFO     [psi4.driver.task_base:172] <<< JSON launch ... c2v 5.1724335122708425
2025-05-28:10:33:58,520 INFO     [psi4.driver.task_planner:285] PLANNING Atomic:  keywords={'SCF__D_CONVERGENCE': 1e-10, 'E_CONVERGENCE': 1e-08, 'SCF__E_CONVERGENCE': 1e-10, 'PARENT_SYMMETRY': 'C2V(Z)', 'function_kwargs': {}}
2025-05-28:10:33:58,522 INFO     [psi4.driver.driver:523] Compute energy(): method=ccsd(t), basis=aug-cc-pvdz, molecule=HF, nre=5.1724335122708425
2025-05-28:10:33:58,934 INFO     [psi4.driver.driver:526] Return energy(): -100.26570854159732
2025-05-28:10:33:58,944 INFO     [psi4.driver.driver_findif:278]   Computing gradient from energies.
    Using 3-point formula.
    Energy without displacement: -100.2657186938
    Check energies below for precision!
    Forces are for mass-weighted, symmetry-adapted cartesians [a0].

2025-05-28:10:33:58,944 INFO     [psi4.driver.driver_findif:663] 
     Coord      Energy(-1)        Energy(+1)            Force
        0   -100.2657130433   -100.2657085416      0.0004501680
2025-05-28:10:33:58,944 INFO     [psi4.driver.driver_findif:675] 
         -------------------------------------------------------------

2025-05-28:10:33:58,962 INFO     [psi4.optking.history:256] 	Performing BFGS update.
2025-05-28:10:33:58,962 INFO     [psi4.optking.history:267] 	Using 4 previous steps for update.
2025-05-28:10:33:58,962 INFO     [psi4.optking.history:301] 	Steps to be used in Hessian update:  10 9 8 7

2025-05-28:10:33:58,962 INFO     [psi4.optking.history:399] 	Updated Hessian (in au) 
 	   0.656189

2025-05-28:10:33:58,962 INFO     [psi4.optking.molsys:872] Projected (PHP) Hessian matrix
	   0.656189

2025-05-28:10:33:58,962 INFO     [psi4.optking.opt_helper:168] 
	         Geometry (au)                                       Gradient (au)
   0.0000000000   0.0000000000  -1.6571937005		   0.0000000000   0.0000000000   0.0004403958
   0.0000000000   0.0000000000   0.0879106144		   0.0000000000   0.0000000000  -0.0004403958

2025-05-28:10:33:58,963 INFO     [psi4.optking.stepAlgorithms:370] 	Current Step Report 
 
	Current energy:      -100.2657186938
	Energy change for the previous step:
		Actual       :        -0.0000102734
		Projected    :        -0.0000092232

2025-05-28:10:33:58,963 INFO     [psi4.optking.stepAlgorithms:373] 	Energy ratio =    1.11386
2025-05-28:10:33:58,963 INFO     [psi4.optking.stepAlgorithms:949] 	Using RFO solution 1.
2025-05-28:10:33:58,963 INFO     [psi4.optking.displace:96] 	Determining Cartesian step for fragment 1.
2025-05-28:10:33:58,963 INFO     [psi4.optking.displace:435] 	Successfully converged to displaced geometry.
2025-05-28:10:33:58,963 INFO     [psi4.optking.displace:436] 	RMS(dx):  6.410e-17 	Max(dx):  1.110e-16 	RMS(dq):  0.000e+00
2025-05-28:10:33:58,963 INFO     [psi4.optking.displace:159] 

	        --- Internal Coordinate Step in ANG or DEG, aJ/ANG or AJ/DEG ---
	-------------------------------------------------------------------------------
	           Coordinate      Previous         Force          Change          New 
	           ----------      --------        ------          ------        ------
	               R(1,2)       0.92347        0.00363        0.00036       0.92382
	-------------------------------------------------------------------------------

2025-05-28:10:33:58,963 INFO     [psi4.optking.stepAlgorithms:99] 	|target step| :    0.0006711411
2025-05-28:10:33:58,963 INFO     [psi4.optking.stepAlgorithms:100] 	gradient     :   -0.0004403958
2025-05-28:10:33:58,963 INFO     [psi4.optking.stepAlgorithms:101] 	hessian      :    0.6561892834
2025-05-28:10:33:58,963 INFO     [psi4.optking.stepAlgorithms:99] 	|target step| :    0.0006711411
2025-05-28:10:33:58,963 INFO     [psi4.optking.stepAlgorithms:100] 	gradient     :   -0.0004403958
2025-05-28:10:33:58,963 INFO     [psi4.optking.stepAlgorithms:101] 	hessian      :    0.6561892834
2025-05-28:10:33:58,963 INFO     [psi4.optking.stepAlgorithms:196] 	Norm of achieved step-size    0.0006711411
2025-05-28:10:33:58,963 INFO     [psi4.optking.stepAlgorithms:198] 	Norm of achieved step-size (cart):    0.0004745684
2025-05-28:10:33:58,963 INFO     [psi4.optking.opt_helper:151] Molsys:

	                            ===> Fragment 1 <== 

	 Z (Atomic Numbers)          Masses                          Geom                  
	       1.000000             1.007825          0.00000000  0.00000000 -1.65752927   
	       9.000000            18.998403          0.00000000  0.00000000  0.08824618   

	 - Coordinate -           - BOHR/RAD -       - ANG/DEG -
	 R(1,2)           =         1.745775           0.923825

2025-05-28:10:33:58,963 INFO     [psi4.optking.convcheck:71] Performing convergence check.
2025-05-28:10:33:58,964 INFO     [psi4.optking.convcheck:263] 
	                                 ==> Convergence Check <==                                  
    
	Measures of convergence in internal coordinates in au.
    
	Criteria marked as inactive (o), active & met (*), and active & unmet ( ).

	----------------------------------------------------------------------------------------------
	   Step    Total Energy     Delta E     Max Force     RMS Force      Max Disp      RMS Disp   
	----------------------------------------------------------------------------------------------
	  Convergence Criteria     1.00e-06 *    3.00e-04 *             o    1.20e-03 *             o
	----------------------------------------------------------------------------------------------
	    11    -100.26571869   -1.03e-05      4.40e-04      4.40e-04 o    6.71e-04 *    6.71e-04 o  ~
	----------------------------------------------------------------------------------------------


2025-05-28:10:33:58,964 INFO     [psi4.optking.stepAlgorithms:297] 	Convergence check returned False
2025-05-28:10:33:58,976 INFO     [psi4.driver.task_planner:289] PLANNING FD:  dermode=(1, 0) keywords={'SCF__GUESS': 'READ', 'function_kwargs': {}, 'SCF__E_CONVERGENCE': 1e-10, 'SCF__D_CONVERGENCE': 1e-10, 'E_CONVERGENCE': 1e-08} findif_kw={'findif_stencil_size': 3, 'findif_step_size': 0.005, 'findif_verbose': 1} kw={'opt_iter': 12}
2025-05-28:10:33:58,977 INFO     [psi4.driver.driver_findif:269] 
         ----------------------------------------------------------
                                   FINDIF
                     R. A. King and Jonathon Misiewicz
         ----------------------------------------------------------


2025-05-28:10:33:58,977 INFO     [psi4.driver.driver_findif:278]   Using finite-differences of energies to determine gradients.
    Generating geometries for use with 3-point formula.
    Displacement size will be 5.00e-03.

2025-05-28:10:33:58,977 INFO     [psi4.driver.driver_findif:297]     Number of atoms is 2.
    Number of symmetric SALCs is 1.
    Translations projected? 1. Rotations projected? 1.

2025-05-28:10:33:58,977 INFO     [psi4.driver.driver_findif:373]     Number of geometries (including reference) is 3.

2025-05-28:10:33:58,991 INFO     [psi4.driver.task_base:172] <<< JSON launch ... c2v 5.155302172111802
2025-05-28:10:33:59,7 INFO     [psi4.driver.task_planner:285] PLANNING Atomic:  keywords={'SCF__D_CONVERGENCE': 1e-10, 'E_CONVERGENCE': 1e-08, 'SCF__E_CONVERGENCE': 1e-10, 'PARENT_SYMMETRY': 'C2V(Z)', 'function_kwargs': {}}
2025-05-28:10:33:59,8 INFO     [psi4.driver.driver:523] Compute energy(): method=ccsd(t), basis=aug-cc-pvdz, molecule=HF, nre=5.155302172111802
2025-05-28:10:33:59,425 INFO     [psi4.driver.driver:526] Return energy(): -100.26571884618508
2025-05-28:10:33:59,434 INFO     [psi4.driver.task_base:172] <<< JSON launch ... c2v 5.140253518398363
2025-05-28:10:33:59,451 INFO     [psi4.driver.task_planner:285] PLANNING Atomic:  keywords={'SCF__D_CONVERGENCE': 1e-10, 'E_CONVERGENCE': 1e-08, 'SCF__E_CONVERGENCE': 1e-10, 'PARENT_SYMMETRY': 'C2V(Z)', 'function_kwargs': {}}
2025-05-28:10:33:59,453 INFO     [psi4.driver.driver:523] Compute energy(): method=ccsd(t), basis=aug-cc-pvdz, molecule=HF, nre=5.140253518398363
2025-05-28:10:33:59,836 INFO     [psi4.driver.driver:526] Return energy(): -100.26571114448615
2025-05-28:10:33:59,845 INFO     [psi4.driver.task_base:172] <<< JSON launch ... c2v 5.170439197698976
2025-05-28:10:33:59,860 INFO     [psi4.driver.task_planner:285] PLANNING Atomic:  keywords={'SCF__D_CONVERGENCE': 1e-10, 'E_CONVERGENCE': 1e-08, 'SCF__E_CONVERGENCE': 1e-10, 'PARENT_SYMMETRY': 'C2V(Z)', 'function_kwargs': {}}
2025-05-28:10:33:59,862 INFO     [psi4.driver.driver:523] Compute energy(): method=ccsd(t), basis=aug-cc-pvdz, molecule=HF, nre=5.170439197698976
2025-05-28:10:34:00,262 INFO     [psi4.driver.driver:526] Return energy(): -100.26571078761702
2025-05-28:10:34:00,272 INFO     [psi4.driver.driver_findif:278]   Computing gradient from energies.
    Using 3-point formula.
    Energy without displacement: -100.2657188462
    Check energies below for precision!
    Forces are for mass-weighted, symmetry-adapted cartesians [a0].

2025-05-28:10:34:00,272 INFO     [psi4.driver.driver_findif:663] 
     Coord      Energy(-1)        Energy(+1)            Force
        0   -100.2657111445   -100.2657107876      0.0000356869
2025-05-28:10:34:00,272 INFO     [psi4.driver.driver_findif:675] 
         -------------------------------------------------------------

2025-05-28:10:34:00,290 INFO     [psi4.optking.history:256] 	Performing BFGS update.
2025-05-28:10:34:00,290 INFO     [psi4.optking.history:267] 	Using 4 previous steps for update.
2025-05-28:10:34:00,291 INFO     [psi4.optking.history:301] 	Steps to be used in Hessian update:  11 10 9 8

2025-05-28:10:34:00,291 INFO     [psi4.optking.history:399] 	Updated Hessian (in au) 
 	   0.635486

2025-05-28:10:34:00,291 INFO     [psi4.optking.molsys:872] Projected (PHP) Hessian matrix
	   0.635486

2025-05-28:10:34:00,291 INFO     [psi4.optking.opt_helper:168] 
	         Geometry (au)                                       Gradient (au)
   0.0000000000   0.0000000000  -1.6578310324		   0.0000000000   0.0000000000   0.0000349122
   0.0000000000   0.0000000000   0.0879444235		   0.0000000000   0.0000000000  -0.0000349122

2025-05-28:10:34:00,291 INFO     [psi4.optking.stepAlgorithms:370] 	Current Step Report 
 
	Current energy:      -100.2657188462
	Energy change for the previous step:
		Actual       :        -0.0000001524
		Projected    :        -0.0000001478

2025-05-28:10:34:00,291 INFO     [psi4.optking.stepAlgorithms:373] 	Energy ratio =    1.03090
2025-05-28:10:34:00,291 INFO     [psi4.optking.stepAlgorithms:949] 	Using RFO solution 1.
2025-05-28:10:34:00,291 INFO     [psi4.optking.displace:96] 	Determining Cartesian step for fragment 1.
2025-05-28:10:34:00,291 INFO     [psi4.optking.displace:435] 	Successfully converged to displaced geometry.
2025-05-28:10:34:00,291 INFO     [psi4.optking.displace:436] 	RMS(dx):  6.410e-17 	Max(dx):  1.110e-16 	RMS(dq):  2.220e-16
2025-05-28:10:34:00,292 INFO     [psi4.optking.displace:159] 

	        --- Internal Coordinate Step in ANG or DEG, aJ/ANG or AJ/DEG ---
	-------------------------------------------------------------------------------
	           Coordinate      Previous         Force          Change          New 
	           ----------      --------        ------          ------        ------
	               R(1,2)       0.92382        0.00029        0.00003       0.92385
	-------------------------------------------------------------------------------

2025-05-28:10:34:00,292 INFO     [psi4.optking.stepAlgorithms:99] 	|target step| :    0.0000549378
2025-05-28:10:34:00,292 INFO     [psi4.optking.stepAlgorithms:100] 	gradient     :   -0.0000349122
2025-05-28:10:34:00,292 INFO     [psi4.optking.stepAlgorithms:101] 	hessian      :    0.6354858458
2025-05-28:10:34:00,292 INFO     [psi4.optking.stepAlgorithms:99] 	|target step| :    0.0000549378
2025-05-28:10:34:00,292 INFO     [psi4.optking.stepAlgorithms:100] 	gradient     :   -0.0000349122
2025-05-28:10:34:00,292 INFO     [psi4.optking.stepAlgorithms:101] 	hessian      :    0.6354858458
2025-05-28:10:34:00,292 INFO     [psi4.optking.stepAlgorithms:196] 	Norm of achieved step-size    0.0000549378
2025-05-28:10:34:00,292 INFO     [psi4.optking.stepAlgorithms:198] 	Norm of achieved step-size (cart):    0.0000388469
2025-05-28:10:34:00,292 INFO     [psi4.optking.opt_helper:151] Molsys:

	                            ===> Fragment 1 <== 

	 Z (Atomic Numbers)          Masses                          Geom                  
	       1.000000             1.007825          0.00000000  0.00000000 -1.65785850   
	       9.000000            18.998403          0.00000000  0.00000000  0.08797189   

	 - Coordinate -           - BOHR/RAD -       - ANG/DEG -
	 R(1,2)           =         1.745830           0.923854

2025-05-28:10:34:00,292 INFO     [psi4.optking.convcheck:71] Performing convergence check.
2025-05-28:10:34:00,292 INFO     [psi4.optking.convcheck:263] 
	                                 ==> Convergence Check <==                                  
    
	Measures of convergence in internal coordinates in au.
    
	Criteria marked as inactive (o), active & met (*), and active & unmet ( ).

	----------------------------------------------------------------------------------------------
	   Step    Total Energy     Delta E     Max Force     RMS Force      Max Disp      RMS Disp   
	----------------------------------------------------------------------------------------------
	  Convergence Criteria     1.00e-06 *    3.00e-04 *             o    1.20e-03 *             o
	----------------------------------------------------------------------------------------------
	    12    -100.26571885   -1.52e-07 *    3.49e-05 *    3.49e-05 o    5.49e-05 *    5.49e-05 o  ~
	----------------------------------------------------------------------------------------------


2025-05-28:10:34:00,292 INFO     [psi4.optking.convcheck:193] 
	                      ===> Final Convergence Report <===                     

	----------------------------------------------------------------------------
	|   Required Criteria    |  One or More Criteria  |   Alternate Criteria   |
	----------------------------------------------------------------------------
	| [x]     max_force      | [x]       max_DE       |                        |
	|                        | [x]      max_disp      |                        |
	----------------------------------------------------------------------------


2025-05-28:10:34:00,292 INFO     [psi4.optking.stepAlgorithms:297] 	Convergence check returned True
2025-05-28:10:34:00,292 INFO     [psi4.optking.optimize:296] 	Converged in 12 steps!
2025-05-28:10:34:00,292 INFO     [psi4.optking.optimize:297] 	Final energy is   -100.2657188461851
2025-05-28:10:34:00,292 INFO     [psi4.optking.optimize:298] 	Final structure (Angstroms): 
	Fragment 1 (Ang)

	    H   0.0000000000   0.0000000000  -0.8773009374
	    F   0.0000000000   0.0000000000   0.0465527207


2025-05-28:10:34:00,293 INFO     [psi4.optking.optimize:483] 	Optimization Finished

	==> Optimization Summary <==

        
	Measures of convergence in internal coordinates in au. (Any backward steps not shown.)
        
	---------------------------------------------------------------------------------------------------------------  ~
        
	 Step         Total Energy             Delta E       MAX Force       RMS Force        MAX Disp        RMS Disp   ~
        
	---------------------------------------------------------------------------------------------------------------  ~
        
	     1    -100.082187684220   -100.082187684220      0.03849790      0.03849790      0.50000278      0.50000278  ~
	     2    -100.111189757431     -0.029002073211      0.07756743      0.07756743      1.00000341      1.00000341  ~
	     3    -100.220022946569     -0.108833189138      0.12378960      0.12378960      1.00000000      1.00000000  ~
	     4    -100.134529735660      0.085493210908      0.78020389      0.78020389      0.25000044      0.25000044  ~
	     5    -100.246590701821     -0.112060966161      0.20493329      0.20493329      0.15086406      0.15086406  ~
	     6    -100.264304257137     -0.017713555316      0.04515162      0.04515162      0.02460875      0.02460875  ~
	     7    -100.265185746265     -0.000881489128      0.02680936      0.02680936      0.01513689      0.01513689  ~
	     8    -100.265511648262     -0.000325901997      0.01637913      0.01637913      0.00944741      0.00944741  ~
	     9    -100.265636813388     -0.000125165126      0.01017967      0.01017967      0.01045574      0.01045574  ~
	    10    -100.265708420397     -0.000071607009      0.00358536      0.00358536      0.00514495      0.00514495  ~
	    11    -100.265718693835     -0.000010273438      0.00044040      0.00044040      0.00067114      0.00067114  ~
	    12    -100.265718846185     -0.000000152350      0.00003491      0.00003491      0.00005494      0.00005494  ~
	----------------------------------------------------------------------------------------------------------------


2025-05-28:10:34:00,293 INFO     [psi4.optking.optimize:711] Preparing OptimizationResult
