Total_energy_Delta_E_AB_AB,Total_energy_BSSE_A,Total_energy_BSSE_B,MP2_correlation_energy_Delta_E_AB_AB,MP2_correlation_energy_BSSE_A,MP2_correlation_energy_BSSE_B,(T)_correlation_energy_Delta_E_AB_AB,(T)_correlation_energy_BSSE_A,(T)_correlation_energy_BSSE_B,CCSD_3correlation_energy_Delta_E_AB_AB,CCSD_3correlation_energy_BSSE_A,CCSD_3correlation_energy_BSSE_B,SCF_energy_Delta_E_AB_AB,SCF_energy_BSSE_A,SCF_energy_BSSE_B,x,y,z
"(0.12070293443522928,)","(0.0016113934782708839,)","(0.0016113789372411702,)","(0.001176588856947991,)","(0.0008926818617920051,)","(0.0008926818617920051,)","(-9.749837511700008e-05,)","(7.474404645900013e-05,)","(7.474191606899987e-05,)","(-0.0001700547910540029,)","(3.9793159140988354e-05,)","(3.978074851099245e-05,)","(0.11979389874500157,)","(0.0006041744109950287,)","(0.0006041744109950287,)",0.25,0.25,1.5
"(0.038844048469798054,)","(0.0009145926025837525,)","(0.0009145892712751902,)","(0.000462567117484991,)","(0.00038963348545001386,)","(0.00038963348545001386,)","(-7.638051839500013e-05,)","(5.1468304144000176e-05,)","(5.1467745805999776e-05,)","(-0.00023621150343802744,)","(3.433499617697122e-05,)","(3.4332223773969606e-05,)","(0.038694073375012294,)","(0.00043915581699138784,)","(0.000439155815996628,)",0.25,0.25,1.75
"(0.09158122520383927,)","(0.0014399945376908363,)","(0.0014399969626595066,)","(0.0009895248952359603,)","(0.0007500156333589969,)","(0.0007500156333589969,)","(-8.94719229260002e-05,)","(6.784029308200008e-05,)","(6.784012908199986e-05,)","(-0.0002139406700559232,)","(3.9164123401019824e-05,)","(3.916671221401713e-05,)","(0.0908951129019897,)","(0.0005829744879974896,)","(0.0005829744879974896,)",0.25,0.5,1.5
"(0.030491789810895398,)","(0.0007798524798943163,)","(0.0007798701282126785,)","(0.0003452619588210082,)","(0.0003183235513000149,)","(0.0003183235513000149,)","(-7.355556470199989e-05,)","(4.7856017739999774e-05,)","(4.785643302599981e-05,)","(-0.0002248037385700341,)","(3.1392715571981755e-05,)","(3.140994895298177e-05,)","(0.030444887155965716,)","(0.00038228019499797483,)","(0.00038228019499797483,)",0.25,0.5,1.75
"(0.05900256051458541,)","(0.0011651206262968117,)","(0.0011651282315199296,)","(0.0007005237532230479,)","(0.0005458606418900225,)","(0.0005458606418890233,)","(-8.162962489000015e-05,)","(5.862599681999989e-05,)","(5.8626378275999924e-05,)","(-0.0002413134525000582,)","(3.76433400149645e-05,)","(3.765056393997823e-05,)","(0.05862497983798676,)","(0.0005229906469992329,)","(0.0005229906469992329,)",0.25,0.75,1.5
"(0.020620459301028404,)","(0.0005860377864337352,)","(0.0005860661554493163,)","(0.0001878836507139825,)","(0.00023151531737400366,)","(0.00023151531737300446,)","(-6.883937410400061e-05,)","(4.2590808446999785e-05,)","(4.2593512746999865e-05,)","(-0.00019909843627397006,)","(2.54514827560115e-05,)","(2.547714741901741e-05,)","(0.020700513462031722,)","(0.000286480178004922,)","(0.000286480178004922,)",0.25,0.75,1.75
"(0.08370942512686952,)","(0.0013836617729339196,)","(0.001383642371536098,)","(0.0009284035775389832,)","(0.0007055673398710105,)","(0.0007055673398710105,)","(-8.751382208100006e-05,)","(6.579053345500026e-05,)","(6.579019533800015e-05,)","(-0.00022319382209398664,)","(3.8946647636983744e-05,)","(3.8927584581988084e-05,)","(0.08309172919300067,)","(0.0005733572519943664,)","(0.0005733572509996065,)",0.25,1.0,1.25
"(0.03303259556827243,)","(0.0008233314313770279,)","(0.0008233468396383614,)","(0.0003823360698300138,)","(0.0003403414126000037,)","(0.0003403414126000037,)","(-7.44890315120001e-05,)","(4.9014689154999996e-05,)","(4.9015076520000315e-05,)","(-0.00022907261590601746,)","(3.244241007097082e-05,)","(3.245743081697894e-05,)","(0.032953821144985795,)","(0.0004015329189996919,)","(0.0004015329189996919,)",0.25,1.0,1.5
"(0.012189679980536994,)","(0.0003871649694531243,)","(0.00038715888535989507,)","(3.422267847300042e-05,)","(0.00015985065608900562,)","(0.00015985065604401383,)","(-6.187910013599968e-05,)","(3.619991499600019e-05,)","(3.619987844899995e-05,)","(-0.00015935425901203448,)","(1.6796528121976184e-05,)","(1.679040840096846e-05,)","(0.012376690661000112,)","(0.00017431787000532495,)","(0.00017431794199751494,)",0.25,1.0,1.75
"(0.08370942525846203,)","(0.0013836489734444513,)","(0.0013836487831895283,)","(0.000928404311892006,)","(0.000705567335454016,)","(0.000705567335454016,)","(-8.751373500800021e-05,)","(6.579057667800009e-05,)","(6.579009110100004e-05,)","(-0.00022319451238897448,)","(3.8933809884983406e-05,)","(3.893410517596951e-05,)","(0.08309172919399543,)","(0.0005733572509996065,)","(0.0005733572509996065,)",0.25,1.25,1.0
"(0.03884406249198946,)","(0.000914595307875743,)","(0.0009146018008152623,)","(0.00046256784898901504,)","(0.0003896337443670128,)","(0.0003896337443660136,)","(-7.637932585400058e-05,)","(5.146835624700004e-05,)","(5.146885700099994e-05,)","(-0.00023619940576599663,)","(3.4337390790978306e-05,)","(3.434338298896611e-05,)","(0.038694073374017535,)","(0.000439155815996628,)","(0.000439155815996628,)",0.25,1.25,1.25
"(0.016413394135213366,)","(0.0004901476145278139,)","(0.0004901053353592033,)","(0.00011352795150099126,)","(0.00019502960035300276,)","(0.00019502960035300276,)","(-6.591243131500021e-05,)","(3.974487973700024e-05,)","(3.9744305309999915e-05,)","(-0.00018202172688797091,)","(2.1681873006995644e-05,)","(2.1640168218983735e-05,)","(0.01654780034198211,)","(0.0002336912610019226,)","(0.0002336912610019226,)",0.25,1.25,1.5
"(0.006397358360203498,)","(0.0002512705428046047,)","(0.00025126920155571497,)","(-7.935511964002329e-05,)","(0.00011518787701100819,)","(0.00011518787701000899,)","(-5.2562088934000276e-05,)","(2.9041515363000155e-05,)","(2.903920300300006e-05,)","(-0.0001141110791169353,)","(8.646308271992309e-06,)","(8.64727931298992e-06,)","(0.006643386648022442,)","(9.839484201279447e-05,)","(9.839484201279447e-05,)",0.25,1.25,1.75
"(0.12070297681779607,)","(0.001611395148529482,)","(0.0016113950224792006,)","(0.0011765880139549822,)","(0.000892681690378011,)","(0.000892681690378011,)","(-9.749453074699979e-05,)","(7.474424135600014e-05,)","(7.474431129100021e-05,)","(-0.00017001547016298746,)","(3.9794806083987e-05,)","(3.979461011696661e-05,)","(0.11979389880400504,)","(0.0006041744100002688,)","(0.0006041744100002688,)",0.25,1.5,0.25
"(0.09158128994508274,)","(0.0014400069750877265,)","(0.0014400101290732437,)","(0.0009895275934049819,)","(0.0007500162498360052,)","(0.0007500162498370044,)","(-8.947541374800016e-05,)","(6.784065338600025e-05,)","(6.783999008799996e-05,)","(-0.00021387513330500818,)","(3.9175583500972166e-05,)","(3.9179401101985256e-05,)","(0.090895112898977,)","(0.0005829744879974896,)","(0.0005829744879974896,)",0.25,1.5,0.5
"(0.059002582833130646,)","(0.0011651331801090237,)","(0.0011651344874792358,)","(0.0007005265846429798,)","(0.0005458618542180105,)","(0.0005458618542180105,)","(-8.162916124100032e-05,)","(5.8626418650000074e-05,)","(5.86270337580002e-05,)","(-0.00024129443041498444,)","(3.7654259643971066e-05,)","(3.7654951917986956e-05,)","(0.05862497983997628,)","(0.0005229906469992329,)","(0.0005229906469992329,)",0.25,1.5,0.75
"(0.03303266951718342,)","(0.0008233929401342266,)","(0.0008233503027383904,)","(0.00038233854771196896,)","(0.0003403425783179981,)","(0.0003403425783169989,)","(-7.44818840179998e-05,)","(4.901809670700011e-05,)","(4.90153939240001e-05,)","(-0.00022900828933794526,)","(3.249934554699907e-05,)","(3.2459410841984004e-05,)","(0.032953821141973094,)","(0.0004015329189996919,)","(0.0004015329189996919,)",0.25,1.5,1.0
"(0.01641338216290933,)","(0.0004901267101331541,)","(0.0004901215842210149,)","(0.00011352656115698467,)","(0.00019502896531500835,)","(0.00019502896531500835,)","(-6.591197093500003e-05,)","(3.974517112100007e-05,)","(3.974448877500005e-05,)","(-0.00018203276798400836,)","(2.1661312200965677e-05,)","(2.1656868599978507e-05,)","(0.01654780033999259,)","(0.0002336912610019226,)","(0.0002336912610019226,)",0.25,1.5,1.25
"(0.007362836786171556,)","(0.0002715234398067423,)","(0.00027151668282954233,)","(-6.051709333898536e-05,)","(0.00012241482673100434,)","(0.00012241482673000514,)","(-5.4634652042000274e-05,)","(3.0531634766000054e-05,)","(3.053149996099999e-05,)","(-0.00012321891209404745,)","(1.0033558197980463e-05,)","(1.002693627097373e-05,)","(0.007601207443997282,)","(0.0001085434199978863,)","(0.0001085434199978863,)",0.25,1.5,1.5
"(0.0030221156517882264,)","(0.00020096727189411467,)","(0.00020094127296488296,)","(-0.00013837856762499712,)","(8.794398051101271e-05,)","(8.794398051101271e-05,)","(-4.1730541743999726e-05,)","(2.212924368900004e-05,)","(2.212676416900013e-05,)","(-7.420100777300043e-05,)","(5.396073030961013e-06,)","(5.3725537679794044e-06,)","(0.003276425767978708,)","(8.549797399837189e-05,)","(8.549797399837189e-05,)",0.25,1.5,1.75
"(0.03884403286184579,)","(0.0009145986121268379,)","(0.0009145685254736691,)","(0.00046256638376696024,)","(0.00038963314213300015,)","(0.00038963314213399936,)","(-7.637764497000002e-05,)","(5.1470675572000326e-05,)","(5.146785595300024e-05,)","(-0.00023622925043295662,)","(3.433897874000058e-05,)","(3.431171143999934e-05,)","(0.038694073373022775,)","(0.0004391558150018682,)","(0.000439155815996628,)",0.25,1.75,0.25
"(0.03049183575038228,)","(0.0007798882127758588,)","(0.0007798982437350332,)","(0.00034526152057701154,)","(0.0003183235875970081,)","(0.0003183235875970081,)","(-7.355062140999976e-05,)","(4.785741467000027e-05,)","(4.785778106700025e-05,)","(-0.0002247623017160305,)","(3.1427016869978175e-05,)","(3.143668113098075e-05,)","(0.030444887152981437,)","(0.00038228019300845517,)","(0.000382280194003215,)",0.25,1.75,0.5
"(0.020620460362124504,)","(0.0005860702620452685,)","(0.0005860417637677529,)","(0.00018788258223795262,)","(0.00023151536037199771,)","(0.0002315153603709985,)","(-6.88396800879996e-05,)","(4.259120100000031e-05,)","(4.259062872700005e-05,)","(-0.00019909600071996159,)","(2.548352299600043e-05,)","(2.545559681998988e-05,)","(0.020700513461036962,)","(0.00028648017701016215,)","(0.000286480178004922,)",0.25,1.75,0.75
"(0.012189674399422756,)","(0.0003871671235060603,)","(0.0003871594927602473,)","(3.422241220801814e-05,)","(0.00015985068061802332,)","(0.00015985068057300378,)","(-6.188534814999952e-05,)","(3.6199770235000126e-05,)","(3.619826021200026e-05,)","(-0.00015935334240102517,)","(1.6798802132955704e-05,)","(1.6792609725979624e-05,)","(0.012376690677996294,)","(0.00017431787000532495,)","(0.00017431794199751494,)",0.25,1.75,1.0
"(0.00639736463921281,)","(0.00025127267096536343,)","(0.000251246853650855,)","(-7.93567308169929e-05,)","(0.0001151874804580233,)","(0.0001151874804580233,)","(-5.2561459535999545e-05,)","(2.9041860287000107e-05,)","(2.903924595200032e-05,)","(-0.0001141038186270038,)","(8.64848792095363e-06,)","(8.625284993957205e-06,)","(0.006643386648022442,)","(9.839484201279447e-05,)","(9.839484201279447e-05,)",0.25,1.75,1.25
"(0.0030221328954667115,)","(0.00020096500216482127,)","(0.0002009548477133194,)","(-0.0001383778012220005,)","(8.794394387900972e-05,)","(8.794394387801052e-05,)","(-4.1727842985999665e-05,)","(2.212763321600029e-05,)","(2.212786809600029e-05,)","(-7.418728219102388e-05,)","(5.395450520973011e-06,)","(5.385061203982966e-06,)","(0.0032764258210136177,)","(8.549797399837189e-05,)","(8.549797399837189e-05,)",0.25,1.75,1.5
"(0.0012882809984944288,)","(0.000182130985507456,)","(0.0001821379164823611,)","(-0.00015229828146101632,)","(6.878770956300628e-05,)","(6.878770956200708e-05,)","(-3.118840157299938e-05,)","(1.715915211900022e-05,)","(1.7158250755000288e-05,)","(-4.5386224241994455e-05,)","(6.883856578987491e-06,)","(6.891689004973056e-06,)","(0.0015171539060361283,)","(8.930026700681992e-05,)","(8.930026700681992e-05,)",0.25,1.75,1.75
"(0.09158128237015717,)","(0.001439984199009814,)","(0.0014399996904330692,)","(0.0009895253109579727,)","(0.0007500152227180035,)","(0.0007500152227180035,)","(-8.947478920799971e-05,)","(6.783953140499996e-05,)","(6.784190874000026e-05,)","(-0.00021388105332798002,)","(3.9154957030995696e-05,)","(3.916807137999134e-05,)","(0.09089511290201813,)","(0.0005829744879974896,)","(0.0005829744870027298,)",0.5,0.25,1.5
"(0.030491805564565766,)","(0.0007798653781492249,)","(0.0007798809508585691,)","(0.0003452619588240058,)","(0.0003183235513010141,)","(0.0003183235513010141,)","(-7.355518549000042e-05,)","(4.7856064485000006e-05,)","(4.785689075100007e-05,)","(-0.00022478836420197768,)","(3.140556718597698e-05,)","(3.142031378297605e-05,)","(0.030444887155965716,)","(0.00038228019499797483,)","(0.00038228019499797483,)",0.5,0.25,1.75
"(0.07014732380335431,)","(0.001272815608331257,)","(0.0012728241535739926,)","(0.0008106868250469801,)","(0.0006219619261060017,)","(0.0006219619261060017,)","(-8.426141479699967e-05,)","(6.201711221800023e-05,)","(6.201890368799992e-05,)","(-0.00023552257674896993,)","(3.841619645697514e-05,)","(3.842295053999023e-05,)","(0.06965642096997726,)","(0.0005504203730026802,)","(0.0005504203730026802,)",0.5,0.5,1.5
"(0.0240716479142975,)","(0.000658687620841647,)","(0.0006586684287412936,)","(0.0002454924145129933,)","(0.00026190957308200313,)","(0.00026190957308200313,)","(-7.074377676299969e-05,)","(4.460794099100029e-05,)","(4.460489460000015e-05,)","(-0.00021000445556698666,)","(2.795796080898305e-05,)","(2.7941814948972965e-05,)","(0.024106903733013496,)","(0.00032421214601185966,)","(0.00032421214601185966,)",0.5,0.5,1.75
"(0.12070290145558715,)","(0.001611383743238548,)","(0.0016113992743669314,)","(0.0011765882546350137,)","(0.0008926818056940178,)","(0.0008926818056940178,)","(-9.749887761100005e-05,)","(7.474251050800006e-05,)","(7.474267620100018e-05,)","(-0.0001700866667209977,)","(3.978501587195704e-05,)","(3.98003815009762e-05,)","(0.11979389874596791,)","(0.0006041744109950287,)","(0.0006041744109950287,)",0.5,0.75,1.25
"(0.04580716853871536,)","(0.001011226916631358,)","(0.0010112120701535332,)","(0.000551234868569006,)","(0.00044632111081602255,)","(0.00044632111081602255,)","(-7.834306301499972e-05,)","(5.4135318078e-05,)","(5.41360346390002e-05,)","(-0.00024086894458999475,)","(3.592057015797123e-05,)","(3.5905007195968786e-05,)","(0.045575145676991724,)","(0.0004748499169977549,)","(0.0004748499169977549,)",0.5,0.75,1.5
"(0.016413369772635633,)","(0.0004901239665855428,)","(0.0004901162063788433,)","(0.00011352547875198571,)","(0.0001950284944400027,)","(0.0001950284944400027,)","(-6.591607278500031e-05,)","(3.974481376900008e-05,)","(3.9743580025999956e-05,)","(-0.00018203997457894028,)","(2.1659396894996297e-05,)","(2.1652870457994355e-05,)","(0.016547800341015773,)","(0.0002336912610019226,)","(0.0002336912610019226,)",0.5,0.75,1.75
"(0.14594729394045203,)","(0.0017274926461539053,)","(0.0017274370059681132,)","(0.0012962344966599981,)","(0.000994131970583012,)","(0.000994131970583012,)","(-0.00010560737555000014,)","(8.007133008500027e-05,)","(8.007029398900004e-05,)","(-0.00012321303380496973,)","(4.047364419498822e-05,)","(4.0419039661981904e-05,)","(0.14487987985302198,)","(0.0006128157010039104,)","(0.0006128157010039104,)",0.5,1.0,1.0
"(0.06430520948597973,)","(0.0012185251609935221,)","(0.0012185220943763397,)","(0.0007545861732219938,)","(0.0005829491910820106,)","(0.0005829491910820106,)","(-8.288903401999954e-05,)","(6.02773971080002e-05,)","(6.027752618500016e-05,)","(-0.00023912870604500536,)","(3.8069819355973644e-05,)","(3.806662342498157e-05,)","(0.06387264105200074,)","(0.0005372287529894493,)","(0.0005372287529894493,)",0.5,1.0,1.25
"(0.026030097231512173,)","(0.0006974712584622011,)","(0.0006975978143657358,)","(0.0002769030814540052,)","(0.00027918703443802206,)","(0.00027918703443802206,)","(-7.167650740600058e-05,)","(4.565479234499995e-05,)","(4.5665655911999916e-05,)","(-0.00021511020469697217,)","(2.9133897644972873e-05,)","(2.924959007696848e-05,)","(0.026039980863004075,)","(0.0003434955339969292,)","(0.0003434955339969292,)",0.5,1.0,1.5
"(0.00979722973855246,)","(0.00032820651168208315,)","(0.00032819064921341123,)","(-1.2471863865992638e-05,)","(0.000140917217493014,)","(0.000140917217493014,)","(-5.879108188499996e-05,)","(3.368829423000021e-05,)","(3.368826089500008e-05,)","(-0.00014311350004303502,)","(1.3563606353961255e-05,)","(1.3547777277966855e-05,)","(0.010011606184036737,)","(0.0001400373930096066,)","(0.0001400373930096066,)",0.5,1.0,1.75
"(0.12070295353950655,)","(0.0016114022618864965,)","(0.0016113996667854735,)","(0.0011765882288800045,)","(0.0008926817923710084,)","(0.0008926817923710084,)","(-9.749863592699998e-05,)","(7.474249679000023e-05,)","(7.474279559299994e-05,)","(-0.00017003479795102416,)","(3.980356199698165e-05,)","(3.980066775596813e-05,)","(0.11979389874400681,)","(0.0006041744100002688,)","(0.0006041744109950287,)",0.5,1.25,0.75
"(0.06430523582255887,)","(0.0012185433445210947,)","(0.0012185284380450412,)","(0.0007545869629380086,)","(0.0005829494008130209,)","(0.0005829494008120217,)","(-8.288734809400004e-05,)","(6.027854663300013e-05,)","(6.0277009575000155e-05,)","(-0.00023910484379499608,)","(3.8086643567969425e-05,)","(3.8073273960964604e-05,)","(0.06387264105097756,)","(0.0005372287529894493,)","(0.0005372287529894493,)",0.5,1.25,1.0
"(0.03049180211434077,)","(0.00077984777351503,)","(0.0007798943207717457,)","(0.0003452627099069794,)","(0.00031832375314699846,)","(0.00031832375314599926,)","(-7.355197420499948e-05,)","(4.7856110738000134e-05,)","(4.785743820600024e-05,)","(-0.00022479577639597514,)","(3.138771482300018e-05,)","(3.143293456997487e-05,)","(0.030444887154970957,)","(0.000382280194003215,)","(0.00038228019499797483,)",0.5,1.25,1.25
"(0.01312187688304789,)","(0.00041024131624567417,)","(0.00041021327183443645,)","(5.210725547705186e-05,)","(0.0001674402347410231,)","(0.0001674402347400239,)","(-6.290338185699958e-05,)","(3.706205373900026e-05,)","(3.706124859600025e-05,)","(-0.00016495553714701572,)","(1.796809481996453e-05,)","(1.794085580897331e-05,)","(0.01329762854700789,)","(0.0001877709329960453,)","(0.00018777093200128547,)",0.5,1.25,1.5
"(0.00519492467142868,)","(0.000229084284143255,)","(0.0002290813164336214,)","(-0.00010215837562199681,)","(0.00010607907296600327,)","(0.00010607907296600327,)","(-4.9487981689000024e-05,)","(2.6927102198000003e-05,)","(2.6927208166000003e-05,)","(-0.00010150540701597821,)","(7.084261385986723e-06,)","(7.081188230978475e-06,)","(0.005448076436039173,)","(8.89938470152174e-05,)","(8.89938470152174e-05,)",0.5,1.25,1.75
"(0.09158122543192349,)","(0.0014399776491700322,)","(0.0014399639654811835,)","(0.0009895258631330006,)","(0.0007500155063930036,)","(0.0007500155063930036,)","(-8.947793552500005e-05,)","(6.78393177130001e-05,)","(6.783877444899991e-05,)","(-0.00021393539429601094,)","(3.914833712898025e-05,)","(3.91351965499942e-05,)","(0.090895112898977,)","(0.0005829744879974896,)","(0.0005829744879974896,)",0.5,1.5,0.25
"(0.07014733978127197,)","(0.0012728250682130238,)","(0.0012728325046964528,)","(0.0008106892092129558,)","(0.0006219624730759987,)","(0.0006219624730759987,)","(-8.4260026351e-05,)","(6.201885632400005e-05,)","(6.201966253400028e-05,)","(-0.00023551039860492118,)","(3.842336534698454e-05,)","(3.842999552500226e-05,)","(0.06965642099697789,)","(0.0005504203730026802,)","(0.0005504203730026802,)",0.5,1.5,0.5
"(0.04580714759680404,)","(0.0010112145108394088,)","(0.0010112202012635407,)","(0.0005512366828649973,)","(0.00044632194662699853,)","(0.00044632194662699853,)","(-7.834249563800017e-05,)","(5.413544031200026e-05,)","(5.413546713300011e-05,)","(-0.00024089226854998036,)","(3.590720616999943e-05,)","(3.591286992399301e-05,)","(0.045575145676991724,)","(0.0004748499169977549,)","(0.0004748499169977549,)",0.5,1.5,0.75
"(0.026030027240665277,)","(0.0006974958601517756,)","(0.0006975037131269346,)","(0.00027690453778100865,)","(0.00027918771996102154,)","(0.00027918771996202074,)","(-7.168418822000016e-05,)","(4.565546747200026e-05,)","(4.565729993400011e-05,)","(-0.00021517396266698685,)","(2.9157138312974062e-05,)","(2.9163159109973913e-05,)","(0.02603998085396597,)","(0.0003434955339969292,)","(0.0003434955339969292,)",0.5,1.5,1.0
"(0.013121901747723541,)","(0.00041024720826499106,)","(0.00041025142493822386,)","(5.2106345163005496e-05,)","(0.00016743983279501884,)","(0.00016743983279501884,)","(-6.290065408200022e-05,)","(3.7063684832000076e-05,)","(3.7062450171000336e-05,)","(-0.0001649324691970211,)","(1.797275819295785e-05,)","(1.7978209316954485e-05,)","(0.013297628524981064,)","(0.00018777093200128547,)","(0.00018777093200128547,)",0.5,1.5,1.25
"(0.0059664103194450036,)","(0.0002428749812679598,)","(0.00024288548917184016,)","(-8.764062140198536e-05,)","(0.00011194941210401765,)","(0.0001119494120390141,)","(-5.153114433300047e-05,)","(2.831710823599995e-05,)","(2.831995088099998e-05,)","(-0.00010974382016901152,)","(8.061287949973073e-06,)","(8.068881262979222e-06,)","(0.006215325906026692,)","(9.454717300627635e-05,)","(9.454724499846634e-05,)",0.5,1.5,1.5
"(0.0024768111422019956,)","(0.00019621583876983095,)","(0.00019622530311380615,)","(-0.00014523447403996803,)","(8.258448044301536e-05,)","(8.258448044301536e-05,)","(-3.904640707999996e-05,)","(2.067539574000018e-05,)","(2.0675368656000205e-05,)","(-6.605106617807444e-05,)","(5.454987811959189e-06,)","(5.464478989969379e-06,)","(0.002727143088975481,)","(8.750097399001788e-05,)","(8.750097501319942e-05,)",0.5,1.5,1.75
"(0.03049176726432279,)","(0.0007798486182934994,)","(0.0007798426634337829,)","(0.0003452611018079921,)","(0.00031832321119001916,)","(0.00031832321119101836,)","(-7.355660037999942e-05,)","(4.78559626490003e-05,)","(4.785549242200017e-05,)","(-0.0002248243918589743,)","(3.13892495389656e-05,)","(3.138376504396856e-05,)","(0.030444887154970957,)","(0.00038228019499797483,)","(0.000382280194003215,)",0.5,1.75,0.25
"(0.024071659898169173,)","(0.0006586913919477411,)","(0.000658691827226221,)","(0.00024549194919998296,)","(0.0002619095371600155,)","(0.0002619095371600155,)","(-7.074168034100015e-05,)","(4.4606030102000305e-05,)","(4.460769063500004e-05,)","(-0.00020999414121600224,)","(2.7963679364972904e-05,)","(2.7962453733959558e-05,)","(0.02410690376996172,)","(0.0003242121449886781,)","(0.0003242121449886781,)",0.5,1.75,0.5
"(0.016413493602243534,)","(0.0004902102823507448,)","(0.0004901551320415365,)","(0.00011352463484098907,)","(0.00019502846439900523,)","(0.00019502846439900523,)","(-6.590671354500055e-05,)","(3.9748018750999925e-05,)","(3.9746094239000076e-05,)","(-0.0001819246595249624,)","(2.1742538477975693e-05,)","(2.1689312422995544e-05,)","(0.016547800340021013,)","(0.00023369126000716278,)","(0.0002336912610019226,)",0.5,1.75,0.75
"(0.009797190008924872,)","(0.00032820061548477497,)","(0.00032818147479929394,)","(-1.2472144837016863e-05,)","(0.00014091722319900524,)","(0.00014091722319800604,)","(-5.8791902472999855e-05,)","(3.368835684799997e-05,)","(3.368850368700013e-05,)","(-0.0001431521271119951,)","(1.3557642440986672e-05,)","(1.3538354528969121e-05,)","(0.010011606184036737,)","(0.0001400373930096066,)","(0.0001400373930096066,)",0.5,1.75,1.0
"(0.005194891829347625,)","(0.00022907842111408172,)","(0.00022906099522401746,)","(-0.0001021595869640235,)","(0.0001060787457110024,)","(0.0001060787457120016,)","(-4.949111176999997e-05,)","(2.6927511449999914e-05,)","(2.6924498269000063e-05,)","(-0.0001015339082099942,)","(7.078316190983758e-06,)","(7.063903734977339e-06,)","(0.005448076436039173,)","(8.89938470152174e-05,)","(8.89938470152174e-05,)",0.5,1.75,1.25
"(0.0024768447158862728,)","(0.0001962281468479432,)","(0.00019623356402576064,)","(-0.0001452341763990006,)","(8.25844461020131e-05,)","(8.25844461020131e-05,)","(-3.90421224919996e-05,)","(2.0676859859000262e-05,)","(2.0675185454000194e-05,)","(-6.60220167519876e-05,)","(5.465865302978212e-06,)","(5.472957152974356e-06,)","(0.002727143030995194,)","(8.750097501319942e-05,)","(8.750097501319942e-05,)",0.5,1.75,1.5
"(0.0010598849696918933,)","(0.0001765338783172865,)","(0.00017652386475219828,)","(-0.00015134293706497992,)","(6.578226183601155e-05,)","(6.578226183601155e-05,)","(-2.916523152799973e-05,)","(1.6444552539000238e-05,)","(1.6444546903000325e-05,)","(-4.072704369903479e-05,)","(7.397352539961766e-06,)","(7.387344775983129e-06,)","(0.0012811201819999951,)","(8.690971100122624e-05,)","(8.690971100122624e-05,)",0.5,1.75,1.75
"(0.05900253314644033,)","(0.00116510890680388,)","(0.00116509408567822,)","(0.000700523027088007,)","(0.0005458602420310155,)","(0.0005458602420320147,)","(-8.163562154699967e-05,)","(5.8625178090000295e-05,)","(5.862463051700033e-05,)","(-0.00024133409864401933,)","(3.763283881297319e-05,)","(3.7618565382979696e-05,)","(0.0586249798400047,)","(0.0005229906479939928,)","(0.0005229906469992329,)",0.75,0.25,1.5
"(0.020620481852091643,)","(0.0005860531243513378,)","(0.0005860677738382947,)","(0.0001878836507129833,)","(0.00023151531737400366,)","(0.00023151531737300446,)","(-6.883928092199986e-05,)","(4.259118305600029e-05,)","(4.2593144299000324e-05,)","(-0.00019907597845100766,)","(2.5466445987970543e-05,)","(2.547913426698134e-05,)","(0.020700513462031722,)","(0.000286480178004922,)","(0.000286480178004922,)",0.75,0.25,1.75
"(0.12070291902267627,)","(0.001611392469214934,)","(0.0016113926516823085,)","(0.0011765882485509915,)","(0.0008926818026180061,)","(0.0008926818026190053,)","(-9.749835762199984e-05,)","(7.474266407800009e-05,)","(7.474268549900005e-05,)","(-0.00017006961235599416,)","(3.979359208497457e-05,)","(3.979375265097951e-05,)","(0.11979389874400681,)","(0.0006041744100002688,)","(0.0006041744109950287,)",0.75,0.5,1.25
"(0.045807159524969165,)","(0.0010112217066478024,)","(0.0010112180192436426,)","(0.0005512348685710045,)","(0.00044632111081602255,)","(0.00044632111081702175,)","(-7.834469081499998e-05,)","(5.4134694825000006e-05,)","(5.4136307610000173e-05,)","(-0.00024087633088804017,)","(3.591598331395551e-05,)","(3.591068331695868e-05,)","(0.045575145678014906,)","(0.0004748499169977549,)","(0.0004748499169977549,)",0.75,0.5,1.5
"(0.016413376209413855,)","(0.0004901339034404373,)","(0.0004901111662434232,)","(0.00011352547874998731,)","(0.0001950284944390035,)","(0.0001950284944390035,)","(-6.591539986899961e-05,)","(3.9744914906999964e-05,)","(3.97443167240003e-05,)","(-0.00018203421064996728,)","(2.166923267099552e-05,)","(2.16470936159896e-05,)","(0.016547800341015773,)","(0.0002336912610019226,)","(0.0002336912610019226,)",0.75,0.5,1.75
"(0.0765916492476606,)","(0.001327881606499659,)","(0.0013278703938794933,)","(0.0008686941733979658,)","(0.0006628555703570016,)","(0.0006628555703580008,)","(-8.579131968599989e-05,)","(6.385184281300013e-05,)","(6.385093023900026e-05,)","(-0.00023033214966097781,)","(3.86873692449774e-05,)","(3.8677069107984074e-05,)","(0.0760390785439995,)","(0.0005624868240090564,)","(0.0005624868240090564,)",0.75,0.75,1.25
"(0.030491914531069142,)","(0.0007798736872075551,)","(0.0007799928062866002,)","(0.0003452620419919783,)","(0.0003183235534230111,)","(0.0003183235534230111,)","(-7.354442112000046e-05,)","(4.785630753699997e-05,)","(4.7864776170000126e-05,)","(-0.00022469024611701527,)","(3.1413630906973466e-05,)","(3.1524281571965185e-05,)","(0.030444887155965716,)","(0.00038228019499797483,)","(0.00038228019499797483,)",0.75,0.75,1.5
"(0.011328603511003621,)","(0.0003658158176165216,)","(0.00036579110937395853,)","(1.7535919190958538e-05,)","(0.00015294428865800236,)","(0.00015294428865800236,)","(-6.0859604577000355e-05,)","(3.534762165100002e-05,)","(3.534644145399999e-05,)","(-0.00015388342924896325,)","(1.5659242050991562e-05,)","(1.5635714104983434e-05,)","(0.011525810625983013,)","(0.0001618646649887978,)","(0.0001618646649887978,)",0.75,0.75,1.75
"(0.09158123961378806,)","(0.0014399831965477006,)","(0.0014399820283017561,)","(0.0009895263085630268,)","(0.0007500157287600173,)","(0.0007500157287600173,)","(-8.947652367700043e-05,)","(6.783991188100006e-05,)","(6.783961416400013e-05,)","(-0.00021392312799101143,)","(3.9153067823982646e-05,)","(3.9152197528979915e-05,)","(0.09089511295798047,)","(0.0005829744879974896,)","(0.0005829744879974896,)",0.75,1.0,1.0
"(0.04216676043390066,)","(0.0009622669732323175,)","(0.0009623376232639202,)","(0.0005058262543130021,)","(0.00041702855783301573,)","(0.00041702855783301573,)","(-7.734491752200024e-05,)","(5.2772777843000055e-05,)","(5.277597137899994e-05,)","(-0.00023883167359303736,)","(3.51679896599677e-05,)","(3.5235445434961266e-05,)","(0.04197711077102895,)","(0.00045729764801194506,)","(0.00045729764801194506,)",0.75,1.0,1.25
"(0.017701657306560037,)","(0.0005204202190327578,)","(0.0005203091496923662,)","(0.00013679324158100137,)","(0.00020609303109100918,)","(0.00020609303109100918,)","(-6.689031151899984e-05,)","(4.0682326919000335e-05,)","(4.067296966900032e-05,)","(-0.0001877181386730209,)","(2.300635725296929e-05,)","(2.2904645037985505e-05,)","(0.0178194725149865,)","(0.0002506385029903413,)","(0.00025063850401352283,)",0.75,1.0,1.5
"(0.006861929303482839,)","(0.0002607908828906602,)","(0.0002607940099892403,)","(-7.032985203098141e-05,)","(0.00011866507264701731,)","(0.00011866507264701731,)","(-5.359550806400019e-05,)","(2.9777016280999914e-05,)","(2.9780022443000233e-05,)","(-0.00011856161273501864,)","(9.307842477962458e-06,)","(9.30796347797802e-06,)","(0.00710441627597902,)","(0.00010304095098945254,)","(0.00010304095098945254,)",0.75,1.0,1.75
"(0.12070290528976102,)","(0.0016113730479787591,)","(0.0016113792625560563,)","(0.0011765880660870032,)","(0.0008926817148000032,)","(0.000892681714799004,)","(-9.749970276199966e-05,)","(7.474187413199999e-05,)","(7.474209347400028e-05,)","(-0.00017008181862601668,)","(3.977504798899356e-05,)","(3.97810435149859e-05,)","(0.11979389874497315,)","(0.0006041744109950287,)","(0.0006041744100002688,)",0.75,1.25,0.5
"(0.07659170805442272,)","(0.0013279058800890198,)","(0.0013279073933176733,)","(0.0008686959688120055,)","(0.0006628558590170142,)","(0.000662855859016015,)","(-8.579128716600017e-05,)","(6.385328439000026e-05,)","(6.385278391200008e-05,)","(-0.00023027517038601286,)","(3.870991217497233e-05,)","(3.871192618495889e-05,)","(0.07603907854303316,)","(0.0005624868240090564,)","(0.0005624868240090564,)",0.75,1.25,0.75
"(0.042166710159278864,)","(0.0009622652080452099,)","(0.0009622828505939651,)","(0.0005058298521019577,)","(0.000417030273029001,)","(0.000417030273029001,)","(-7.734538687300058e-05,)","(5.277287512300008e-05,)","(5.2775320238999945e-05,)","(-0.00023888507726091412,)","(3.51644115809957e-05,)","(3.517960874799275e-05,)","(0.04197711077102895,)","(0.00045729764801194506,)","(0.00045729764801194506,)",0.75,1.25,1.0
"(0.020620471254289896,)","(0.0005860769222749695,)","(0.0005860520735154751,)","(0.00018788566157601494,)","(0.00023151622768702307,)","(0.00023151622768802227,)","(-6.884016902000039e-05,)","(4.2591060909999943e-05,)","(4.259116616100013e-05,)","(-0.00019908769851503805,)","(2.5489455820953966e-05,)","(2.5464501886951485e-05,)","(0.02070051346001378,)","(0.000286480178004922,)","(0.00028648017701016215,)",0.75,1.25,1.25
"(0.009116592997258977,)","(0.00031180690240262265,)","(0.0003118032549309646,)","(-2.590172559796544e-05,)","(0.00013567614784501525,)","(0.00013567614784501525,)","(-5.775341974200007e-05,)","(3.288006595500003e-05,)","(3.28781043710002e-05,)","(-0.000137946332885025,)","(1.258056439495947e-05,)","(1.2578878334973398e-05,)","(0.00933819447601536,)","(0.0001306701240082475,)","(0.0001306701240082475,)",0.75,1.25,1.5
"(0.0036951660237889428,)","(0.00020783803549306867,)","(0.00020786825029972533,)","(-0.00012829168181699435,)","(9.397890900200712e-05,)","(9.397890900300632e-05,)","(-4.4548912463999914e-05,)","(2.3772301491000163e-05,)","(2.3774633477999935e-05,)","(-8.342483480699991e-05,)","(5.6353069769754516e-06,)","(5.6631895029857215e-06,)","(0.003951431453003806,)","(8.445151800628992e-05,)","(8.445151800628992e-05,)",0.75,1.25,1.75
"(0.0590025222489885,)","(0.001165105053729576,)","(0.0011650823483648765,)","(0.0007005232992630117,)","(0.0005458603889350044,)","(0.0005458603889340052,)","(-8.163217075900014e-05,)","(5.862518814700023e-05,)","(5.862456211500012e-05,)","(-0.0002413487187440111,)","(3.762882911897969e-05,)","(3.7606749780982884e-05,)","(0.05862497983900994,)","(0.0005229906469992329,)","(0.0005229906469992329,)",0.75,1.5,0.25
"(0.0458071673286895,)","(0.0010112250626264085,)","(0.0010112274174218783,)","(0.0005512343958420374,)","(0.0004463213406700195,)","(0.0004463213406700195,)","(-7.834371442100047e-05,)","(5.4135798547000086e-05,)","(5.413585993699994e-05,)","(-0.0002408690271120395,)","(3.591800728297567e-05,)","(3.592030056495665e-05,)","(0.045575145675002204,)","(0.0004748499160029951,)","(0.0004748499160029951,)",0.75,1.5,0.5
"(0.030491848340858496,)","(0.0007798981917801484,)","(0.0007798829693683729,)","(0.0003452627387940388,)","(0.0003183239068130228,)","(0.0003183239068130228,)","(-7.355141326300003e-05,)","(4.785677078500026e-05,)","(4.78571954190001e-05,)","(-0.00022475010598504985,)","(3.1437319153976295e-05,)","(3.142167207195734e-05,)","(0.030444887121973352,)","(0.00038228019499797483,)","(0.00038228019499797483,)",0.75,1.5,0.75
"(0.017701588000164747,)","(0.0005203436251974836,)","(0.0005203203816108726,)","(0.00013679070712496744,)","(0.00020609188386500055,)","(0.00020609188386500055,)","(-6.689925949900002e-05,)","(4.067359292100024e-05,)","(4.067241496400007e-05,)","(-0.00018777598190397593,)","(2.2939644563985118e-05,)","(2.2917579453995973e-05,)","(0.017819472534995384,)","(0.00025063850401352283,)","(0.0002506385029903413,)",0.75,1.5,1.0
"(0.009116615686195928,)","(0.00031179167882555703,)","(0.00031185247650000747,)","(-2.590162546500796e-05,)","(0.0001356762448650184,)","(0.0001356762448650184,)","(-5.775531852500069e-05,)","(3.287862628500006e-05,)","(3.2877934324999913e-05,)","(-0.0001379218131499771,)","(1.256668358495805e-05,)","(1.2628173118978125e-05,)","(0.009338194444012515,)","(0.0001306701240082475,)","(0.0001306701240082475,)",0.75,1.5,1.25
"(0.00423085382010413,)","(0.00021450316063464925,)","(0.00021448929032885644,)","(-0.00011939937841898285,)","(9.845895841700814e-05,)","(9.845895841700814e-05,)","(-4.649223997200058e-05,)","(2.497656781799999e-05,)","(2.497359883399993e-05,)","(-9.020944083401594e-05,)","(6.060383411971015e-06,)","(6.049481953984692e-06,)","(0.004486954879951099,)","(8.50072509877009e-05,)","(8.50072509877009e-05,)",0.75,1.5,1.5
"(0.0017840199690226655,)","(0.00018973753691398088,)","(0.0001897191339139681,)","(-0.00015119689413101156,)","(7.493880355499694e-05,)","(7.493880355499694e-05,)","(-3.490097924899963e-05,)","(1.8678086452999978e-05,)","(1.8676094698000332e-05,)","(-5.459881425698421e-05,)","(6.060990347001027e-06,)","(6.04457911398959e-06,)","(0.002024716656023884,)","(9.005965600294985e-05,)","(9.005965600294985e-05,)",0.75,1.5,1.75
"(0.020620508872241317,)","(0.0005860710537319846,)","(0.0005860753007880248,)","(0.00018788277178599655,)","(0.00023151501404999886,)","(0.00023151501405099806,)","(-6.883371917599992e-05,)","(4.259308788700025e-05,)","(4.259344523000006e-05,)","(-0.00019905364089597977,)","(2.548277399599952e-05,)","(2.5486663681989485e-05,)","(0.020700513460042202,)","(0.00028648017701016215,)","(0.00028648017701016215,)",0.75,1.75,0.25
"(0.0164134037398469,)","(0.0004901395829506328,)","(0.0004901382103241758,)","(0.00011352519640001058,)","(0.00019502846086802417,)","(0.00019502846086802417,)","(-6.59118655110002e-05,)","(3.974665150900019e-05,)","(3.974618411100011e-05,)","(-0.00018200993187303394,)","(2.1673209501971158e-05,)","(2.1672304259950925e-05,)","(0.016547800341015773,)","(0.0002336912610019226,)","(0.0002336912610019226,)",0.75,1.75,0.5
"(0.011328639896134973,)","(0.00036581593590767625,)","(0.00036582810875529503,)","(1.7535249718980683e-05,)","(0.00015294427719700354,)","(0.00015294427719700354,)","(-6.085862674399959e-05,)","(3.534873030000031e-05,)","(3.5347848567999964e-05,)","(-0.00015384736722398595,)","(1.5658263548989915e-05,)","(1.5671318079973906e-05,)","(0.011525810640989675,)","(0.0001618646649887978,)","(0.0001618646649887978,)",0.75,1.75,0.75
"(0.006861903951886461,)","(0.0002607831741272548,)","(0.0002607735839887937,)","(-7.033036098996748e-05,)","(0.00011866516070402344,)","(0.00011866516064201749,)","(-5.359811927299965e-05,)","(2.97773529850001e-05,)","(2.9776972048000273e-05,)","(-0.00011858391587801775,)","(9.29970875795938e-06,)","(9.290428097968872e-06,)","(0.007104416347999631,)","(0.00010304095098945254,)","(0.00010304102301006424,)",0.75,1.75,1.0
"(0.0036951932961528655,)","(0.00020786045959653165,)","(0.00020786452424204072,)","(-0.00012829134252001495,)","(9.397862372700905e-05,)","(9.397862372700905e-05,)","(-4.4545927532999626e-05,)","(2.3773609130000282e-05,)","(2.3773693559000098e-05,)","(-8.340088790298461e-05,)","(5.656708372991925e-06,)","(5.660688524977697e-06,)","(0.003951431454026988,)","(8.445151800628992e-05,)","(8.445151800628992e-05,)",0.75,1.75,1.25
"(0.0017840234213508666,)","(0.0001897282625122898,)","(0.00018973262905319643,)","(-0.00015119714537098483,)","(7.49387811440072e-05,)","(7.49387811440072e-05,)","(-3.490073072600014e-05,)","(1.8676399680000056e-05,)","(1.867806881900025e-05,)","(-5.4595359693043743e-05,)","(6.053425113977662e-06,)","(6.05612254697685e-06,)","(0.002024716656990222,)","(9.005965600294985e-05,)","(9.005965600294985e-05,)",0.75,1.75,1.5
"(0.0007642624557320232,)","(0.00016557353245616468,)","(0.00016557121494997773,)","(-0.0001479140562569703,)","(6.183005115201201e-05,)","(6.183005115201201e-05,)","(-2.611461428000039e-05,)","(1.5516824674000236e-05,)","(1.551674082500001e-05,)","(-3.412658131202173e-05,)","(8.106144582964436e-06,)","(8.103910940970849e-06,)","(0.0009724177079988294,)","(8.01205119955739e-05,)","(8.01205119955739e-05,)",0.75,1.75,1.75
"(0.0837095092764173,)","(0.0013836733704408744,)","(0.0013836729231115896,)","(0.0009284034356599746,)","(0.0007055668868110043,)","(0.0007055668868110043,)","(-8.750932144100006e-05,)","(6.579250193400029e-05,)","(6.579267436300018e-05,)","(-0.00022311403057898027,)","(3.895673015899548e-05,)","(3.895611028698065e-05,)","(0.08309172919200591,)","(0.0005733572509996065,)","(0.0005733572509996065,)",1.0,0.25,1.25
"(0.03303260029392163,)","(0.0008233298025857039,)","(0.000823354518644237,)","(0.0003823360698330114,)","(0.0003403414126010029,)","(0.0003403414126010029,)","(-7.448476542999986e-05,)","(4.901476406800028e-05,)","(4.901517101400018e-05,)","(-0.00022907215682302362,)","(3.2440706089986726e-05,)","(3.246501502598975e-05,)","(0.032953821146975315,)","(0.00040153291999445173,)","(0.00040153291999445173,)",1.0,0.25,1.5
"(0.012189658637083767,)","(0.0003871578460064029,)","(0.0003871294450163987,)","(3.4222679442974524e-05,)","(0.00015985065609000482,)","(0.00015985065609000482,)","(-6.188538156200055e-05,)","(3.619809057999997e-05,)","(3.619644114100009e-05,)","(-0.00015936926156195907,)","(1.6791229193985346e-05,)","(1.6764477188985216e-05,)","(0.012376690601001883,)","(0.00017431787000532495,)","(0.00017431787000532495,)",1.0,0.25,1.75
"(0.1459472721398356,)","(0.0017274432238991722,)","(0.0017274386266876718,)","(0.0012962344322159924,)","(0.0009941319362150036,)","(0.0009941319362160028,)","(-0.00010560696721100037,)","(8.007188803500027e-05,)","(8.007022271599995e-05,)","(-0.00012323517913598314,)","(4.042369763598841e-05,)","(4.042076608898326e-05,)","(0.14487987985401674,)","(0.0006128157019986702,)","(0.0006128157010039104,)",1.0,0.5,1.0
"(0.06430519808282043,)","(0.001218520508302845,)","(0.001218524781108954,)","(0.0007545861717400126,)","(0.0005829491910820106,)","(0.0005829491910820106,)","(-8.288917780200017e-05,)","(6.027752507700018e-05,)","(6.027734218000012e-05,)","(-0.0002391399969569885,)","(3.806503871697786e-05,)","(3.8069494198988973e-05,)","(0.06387264108496993,)","(0.0005372287529894493,)","(0.0005372287529894493,)",1.0,0.5,1.25
"(0.02603013899673101,)","(0.0006976103624083407,)","(0.0006975004699540932,)","(0.0002769030811820006,)","(0.00027918703443702286,)","(0.00027918703443802206,)","(-7.16753903030002e-05,)","(4.5663937664000304e-05,)","(4.5657921677000075e-05,)","(-0.0002150695476010045,)","(2.926385618395866e-05,)","(2.9159979709952877e-05,)","(0.02603998085396597,)","(0.0003434955339969292,)","(0.0003434955339969292,)",1.0,0.5,1.5
"(0.009797186652804157,)","(0.0003281843131901496,)","(0.00032818983939364443,)","(-1.2471863863994237e-05,)","(0.0001409172174940132,)","(0.0001409172174940132,)","(-5.8795461150999706e-05,)","(3.3688554351000034e-05,)","(3.3688078325000165e-05,)","(-0.00014315220630900516,)","(1.3541147773965534e-05,)","(1.354715025697617e-05,)","(0.010011606184036737,)","(0.0001400373930096066,)","(0.0001400373930096066,)",1.0,0.5,1.75
"(0.09158122616472042,)","(0.0014399733609877785,)","(0.0014399775005813353,)","(0.0009895262275769756,)","(0.000750015688118999,)","(0.000750015688118999,)","(-8.947708996499999e-05,)","(6.783949512100028e-05,)","(6.783940952400031e-05,)","(-0.00021393587463394703,)","(3.91436901529818e-05,)","(3.914791511699933e-05,)","(0.09089511290102337,)","(0.0005829744870027298,)","(0.0005829744870027298,)",1.0,0.75,1.0
"(0.04216668189383199,)","(0.0009622559668969188,)","(0.0009622674994602676,)","(0.0005058262543159997,)","(0.00041702855783401493,)","(0.00041702855783401493,)","(-7.734786519599966e-05,)","(5.2772368892000255e-05,)","(5.2772870648000285e-05,)","(-0.00023890726600497847,)","(3.5157392154983036e-05,)","(3.516842236997442e-05,)","(0.04197711077102895,)","(0.00045729764801194506,)","(0.00045729764801194506,)",1.0,0.75,1.25
"(0.01770163172506045,)","(0.0005203488018423741,)","(0.0005203426462117022,)","(0.00013679324158000217,)","(0.00020609303109000998,)","(0.00020609303109000998,)","(-6.68936802129998e-05,)","(4.067364987800012e-05,)","(4.067552023200027e-05,)","(-0.00018774035106802756,)","(2.2943617174975284e-05,)","(2.293559117397259e-05,)","(0.01781947251396332,)","(0.0002506385029903413,)","(0.0002506385029903413,)",1.0,0.75,1.5
"(0.006861901191598463,)","(0.0002607861948149548,)","(0.00026078373326754445,)","(-7.032985203198061e-05,)","(0.00011866507264701731,)","(0.00011866507264701731,)","(-5.3596858865000326e-05,)","(2.9776857303999947e-05,)","(2.9778445300000268e-05,)","(-0.00011858837357103802,)","(9.30331361798098e-06,)","(9.299263704964922e-06,)","(0.00710441627597902,)","(0.00010304095098945254,)","(0.00010304095098945254,)",1.0,0.75,1.75
"(0.1459473359905985,)","(0.0017274434020180252,)","(0.001727428995820901,)","(0.0012962341502189556,)","(0.0009941317901610014,)","(0.0009941317901610014,)","(-0.0001056052256609998,)","(8.007197330200033e-05,)","(8.006970624100003e-05,)","(-0.00012317278850298985,)","(4.042393704098424e-05,)","(4.041179745797874e-05,)","(0.14487987985498307,)","(0.0006128157010039104,)","(0.0006128157019986702,)",1.0,1.0,0.5
"(0.0915812785776211,)","(0.0014400116884587533,)","(0.001440003946612478,)","(0.000989527347473984,)","(0.0007500160349259988,)","(0.0007500160349259988,)","(-8.947531986300012e-05,)","(6.784088024600022e-05,)","(6.7840321968e-05,)","(-0.0002138863514549727,)","(3.918028541299856e-05,)","(3.9173101768985585e-05,)","(0.0908951129019897,)","(0.0005829744879974896,)","(0.0005829744879974896,)",1.0,1.0,0.75
"(0.04980000678423835,)","(0.0010613886700241437,)","(0.0010614371124120225,)","(0.0005988198329260341,)","(0.00047754573897501595,)","(0.00047754573897501595,)","(-7.937817350399997e-05,)","(5.556202523600024e-05,)","(5.556361367200016e-05,)","(-0.00024198489354304575,)","(3.6568637653972e-05,)","(3.6615491940977796e-05,)","(0.04952255001799699,)","(0.0004917122680012653,)","(0.0004917122670065055,)",1.0,1.0,1.0
"(0.024071643169151002,)","(0.0006586848315635052,)","(0.0006586775965615743,)","(0.00024549524999301076,)","(0.00026191087107202415,)","(0.00026191087107202415,)","(-7.074219293899979e-05,)","(4.4605601678000036e-05,)","(4.4604915786000156e-05,)","(-0.00021001365884601442,)","(2.795621194295883e-05,)","(2.7949663577969686e-05,)","(0.024106903772036503,)","(0.0003242121470066195,)","(0.00032421214601185966,)",1.0,1.0,1.25
"(0.010532899064060075,)","(0.00034617319283825054,)","(0.00034616662031794476,)","(1.9892578880242873e-06,)","(0.00014665383052100966,)","(0.00014665383052100966,)","(-5.982809460299953e-05,)","(3.45111662710001e-05,)","(3.451160475800028e-05,)","(-0.00014847116856103737,)","(1.4573627251990295e-05,)","(1.4566615993971688e-05,)","(0.010739209069043909,)","(0.00015043456801322463,)","(0.00015043456900798446,)",1.0,1.0,1.5
"(0.0042308208128361,)","(0.00021450470345030226,)","(0.00021448285255587507,)","(-0.0001193983310419644,)","(9.845922836301813e-05,)","(9.845922829002096e-05,)","(-4.6491600221999774e-05,)","(2.4976603831000296e-05,)","(2.497349996500014e-05,)","(-9.024415472105862e-05,)","(6.061620378972066e-06,)","(6.0428015369595744e-06,)","(0.0044869548990220665,)","(8.50072509877009e-05,)","(8.500732201355277e-05,)",1.0,1.0,1.75
"(0.08370944503656119,)","(0.00138366744354812,)","(0.0013836416646597627,)","(0.0009284036894749992,)","(0.0007055670244379975,)","(0.0007055670244379975,)","(-8.751123617599995e-05,)","(6.579271963700001e-05,)","(6.578977543900003e-05,)","(-0.00022317660909401682,)","(3.8950448427998996e-05,)","(3.89276134879768e-05,)","(0.08309172919297225,)","(0.0005733572509996065,)","(0.0005733572509996065,)",1.0,1.25,0.25
"(0.06430522193056731,)","(0.0012185456158704255,)","(0.001218525568503992,)","(0.0007545867778899762,)","(0.0005829494715640093,)","(0.0005829494715640093,)","(-8.288544821300056e-05,)","(6.028041001999995e-05,)","(6.027824205300002e-05,)","(-0.00023912045264795623,)","(3.808698111298914e-05,)","(3.8069101076981804e-05,)","(0.06387264105296708,)","(0.0005372287529894493,)","(0.0005372287529894493,)",1.0,1.25,0.5
"(0.04216678759132719,)","(0.0009622677672780355,)","(0.0009623603101829303,)","(0.0005058277745209616,)","(0.00041702930831399865,)","(0.00041702930831399865,)","(-7.734145025099955e-05,)","(5.277299911300021e-05,)","(5.2779208511000326e-05,)","(-0.00023880950550494995,)","(3.5167810465974725e-05,)","(3.5254144618995786e-05,)","(0.04197711077202371,)","(0.0004572976490067049,)","(0.00045729764801194506,)",1.0,1.25,0.75
"(0.024071670496823572,)","(0.0006586914113313469,)","(0.0006586933557173325,)","(0.0002454936331339752,)","(0.0002619101292100079,)","(0.0002619101292110071,)","(-7.074301305500007e-05,)","(4.460586443900006e-05,)","(4.4607909180000276e-05,)","(-0.00020998385483894655,)","(2.7963271772984966e-05,)","(2.7963171138983833e-05,)","(0.024106903732047158,)","(0.00032421214601185966,)","(0.00032421214601185966,)",1.0,1.25,1.0
"(0.012189690456040125,)","(0.00038717531555221285,)","(0.00038715859116678075,)","(3.422267578395699e-05,)","(0.00015985076319299796,)","(0.00015985076319299796,)","(-6.188219759499991e-05,)","(3.6198615899000076e-05,)","(3.619816424599992e-05,)","(-0.00015934062426692375,)","(1.680806567200266e-05,)","(1.679179309799217e-05,)","(0.012376690601001883,)","(0.00017431787000532495,)","(0.00017431787000532495,)",1.0,1.25,1.25
"(0.005566392813022958,)","(0.00023551205649141593,)","(0.0002354890246749619,)","(-9.522802792999441e-05,)","(0.00010892152703700919,)","(0.00010892152703600999,)","(-5.050796587199955e-05,)","(2.7614947601000295e-05,)","(2.761182704600013e-05,)","(-0.00010554450405100835,)","(7.540125587984781e-06,)","(7.5202139309671345e-06,)","(0.00581767331101446,)","(9.14354559995445e-05,)","(9.14354559995445e-05,)",1.0,1.25,1.5
"(0.002318804233169658,)","(0.00019488896467123595,)","(0.00019489354417601135,)","(-0.00014691748539502614,)","(8.093122374699946e-05,)","(8.093122374699946e-05,)","(-3.8183272583000236e-05,)","(2.023403848200019e-05,)","(2.023424271100022e-05,)","(-6.353152776697457e-05,)","(5.549231571977398e-06,)","(5.553607056979493e-06,)","(0.002567436519001376,)","(8.81744709886334e-05,)","(8.817446999387357e-05,)",1.0,1.25,1.75
"(0.03303256940992583,)","(0.0008233314896983757,)","(0.0008233174131362375,)","(0.00038233508737900435,)","(0.00034034104176799973,)","(0.00034034104176799973,)","(-7.449049510600001e-05,)","(4.901456701100022e-05,)","(4.901420111000018e-05,)","(-0.00022909632877898822,)","(3.244296135399005e-05,)","(3.2429250435977997e-05,)","(0.03295382114700374,)","(0.0004015329189996919,)","(0.00040153291999445173,)",1.0,1.5,0.25
"(0.02603004857260771,)","(0.0006975144121383892,)","(0.0006975056474800567,)","(0.0002769025640469991,)","(0.0002791870155210152,)","(0.0002791870155210152,)","(-7.168008977500055e-05,)","(4.565567610999993e-05,)","(4.5657933104000046e-05,)","(-0.000215154753541974,)","(2.9176187111984442e-05,)","(2.916516545198311e-05,)","(0.026039980851976452,)","(0.0003434955330021694,)","(0.0003434955330021694,)",1.0,1.5,0.5
"(0.017701604111266533,)","(0.0005203423577313515,)","(0.0005203355084404393,)","(0.0001367893850120483,)","(0.00020609169135202277,)","(0.00020609169135102356,)","(-6.689670293200025e-05,)","(4.0674688667000254e-05,)","(4.0674092731000054e-05,)","(-0.00018776108402804303,)","(2.2937474238954314e-05,)","(2.2931220699962118e-05,)","(0.01781947251299698,)","(0.0002506385029903413,)","(0.0002506385029903413,)",1.0,1.5,0.75
"(0.0105329236383227,)","(0.0003461759850154067,)","(0.00034618563333310703,)","(1.989261041002166e-06,)","(0.0001466539277500123,)","(0.0001466539277510115,)","(-5.983021778899981e-05,)","(3.451236826000018e-05,)","(3.4511622370000244e-05,)","(-0.00014844440510700108,)","(1.457511982197457e-05,)","(1.4585514109988207e-05,)","(0.010739209001030758,)","(0.00015043456900798446,)","(0.00015043456900798446,)",1.0,1.5,1.0
"(0.005566369540161986,)","(0.00023550810931283195,)","(0.00023549719330162588,)","(-9.522920728199935e-05,)","(0.00010892122708799912,)","(0.00010892122708699992,)","(-5.050916692400003e-05,)","(2.761492828100027e-05,)","(2.7612247169999955e-05,)","(-0.00010556545367901293,)","(7.536497093979522e-06,)","(7.528262211980996e-06,)","(0.005817673368994747,)","(9.143545699430433e-05,)","(9.143545699430433e-05,)",1.0,1.5,1.25
"(0.0026461816306095898,)","(0.00019766015040545426,)","(0.00019767238805457055,)","(-0.00014326510968498685,)","(8.430264769901386e-05,)","(8.430264761902229e-05,)","(-3.992103925800055e-05,)","(2.1139444784999944e-05,)","(2.113834040300003e-05,)","(-6.859053503502355e-05,)","(5.413307096968634e-06,)","(5.426577317974024e-06,)","(0.002897958314974858,)","(8.680475099254181e-05,)","(8.680482198997197e-05,)",1.0,1.5,1.5
"(0.0011311801384579212,)","(0.00017849885790610642,)","(0.00017849297486804971,)","(-0.00015177045513203868,)","(6.672880614599919e-05,)","(6.672880614499999e-05,)","(-2.9821980914999588e-05,)","(1.666939042000012e-05,)","(1.6667546734000244e-05,)","(-4.220180057393219e-05,)","(7.237844184992959e-06,)","(7.233804903999941e-06,)","(0.0013549743749763365,)","(8.786281699713072e-05,)","(8.786281699713072e-05,)",1.0,1.5,1.75
"(0.012189646442749336,)","(0.0003871583650152388,)","(0.0003871263623125287,)","(3.422169113198592e-05,)","(0.000159850437879,)","(0.000159850437879,)","(-6.18825613150002e-05,)","(3.619980713100027e-05,)","(3.619690239100009e-05,)","(-0.00015938327687098353,)","(1.679024939899021e-05,)","(1.6761151407973518e-05,)","(0.012376690589007922,)","(0.00017431787000532495,)","(0.00017431787000532495,)",1.0,1.75,0.25
"(0.009797124613953656,)","(0.0003281894320537049,)","(0.0003281957614547082,)","(-1.2472327028001384e-05,)","(0.00014091713730801647,)","(0.00014091713730801647,)","(-5.880153134699964e-05,)","(3.3688663908000224e-05,)","(3.368863109800028e-05,)","(-0.00014320771318002135,)","(1.3546237624978419e-05,)","(1.355260014196391e-05,)","(0.010011606186026256,)","(0.0001400373930096066,)","(0.0001400373930096066,)",1.0,1.75,0.5
"(0.006861897247773641,)","(0.00026078693068143366,)","(0.00026078154678543797,)","(-7.032993893002493e-05,)","(0.00011866515787800624,)","(0.00011866515787800624,)","(-5.359913983799978e-05,)","(2.9777330484000337e-05,)","(2.9776841720000145e-05,)","(-0.00011858994912797294,)","(9.3034907649725e-06,)","(9.298595565976342e-06,)","(0.007104416274955838,)","(0.00010304095098945254,)","(0.00010304095098945254,)",1.0,1.75,0.75
"(0.0042308329543345735,)","(0.00021450153161595154,)","(0.00021450505957432142,)","(-0.00011939852853398714,)","(9.845890177700989e-05,)","(9.845890177700989e-05,)","(-4.649109606699991e-05,)","(2.4975083685999967e-05,)","(2.4976095403000075e-05,)","(-9.023224907001026e-05,)","(6.060295441978614e-06,)","(6.0628111229754644e-06,)","(0.004486954827967793,)","(8.500724999294107e-05,)","(8.50072509877009e-05,)",1.0,1.75,1.0
"(0.0023187988454367314,)","(0.00019488982863435922,)","(0.00019488632187858457,)","(-0.00014691734303401427,)","(8.093116500901276e-05,)","(8.093116500901276e-05,)","(-3.8179416209999355e-05,)","(2.0235585644000267e-05,)","(2.023411621300021e-05,)","(-6.354093502999869e-05,)","(5.548607444977316e-06,)","(5.5465703399648625e-06,)","(0.002567436540005019,)","(8.817446999387357e-05,)","(8.817446999387357e-05,)",1.0,1.75,1.25
"(0.0011311833297895646,)","(0.000178505376453586,)","(0.0001784820195496195,)","(-0.00015177043902903087,)","(6.672879055300007e-05,)","(6.672879055300007e-05,)","(-2.982222165500044e-05,)","(1.6668601651999987e-05,)","(1.666794377000024e-05,)","(-4.219838441393842e-05,)","(7.245167510994133e-06,)","(7.222468493994771e-06,)","(0.0013549743740099984,)","(8.786281600237089e-05,)","(8.786281600237089e-05,)",1.0,1.75,1.5
"(0.0004786644463763423,)","(0.00014841880536664576,)","(0.00014841229767625919,)","(-0.00014066897313197435,)","(5.8179567393013e-05,)","(5.81795673940122e-05,)","(-2.2452373997000098e-05,)","(1.4610176881000268e-05,)","(1.4609961160000177e-05,)","(-2.6834038652001624e-05,)","(8.699983147980594e-06,)","(8.693691331967957e-06,)","(0.000668619831998285,)","(6.69290780024312e-05,)","(6.692907700767137e-05,)",1.0,1.75,1.75
"(0.08370954149489762,)","(0.001383720802039079,)","(0.0013836539471867582,)","(0.0009284036392349648,)","(0.0007055669877630011,)","(0.0007055669877630011,)","(-8.751103611299993e-05,)","(6.579365963700016e-05,)","(6.57899431760001e-05,)","(-0.00022308027782197426,)","(3.900290310299148e-05,)","(3.893976483398953e-05,)","(0.08309172916898433,)","(0.0005733572509996065,)","(0.0005733572509996065,)",1.25,0.25,1.0
"(0.03884406086541503,)","(0.0009145895635072065,)","(0.0009146081687561036,)","(0.00046256784898501824,)","(0.0003896337443650144,)","(0.0003896337443640152,)","(-7.63789858689995e-05,)","(5.146837426900017e-05,)","(5.146922218000026e-05,)","(-0.00023620137241001093,)","(3.4331628453981855e-05,)","(3.4349386024978834e-05,)","(0.03869407337498387,)","(0.000439155815996628,)","(0.000439155815996628,)",1.25,0.25,1.25
"(0.01641336225776513,)","(0.0004901274081134943,)","(0.0004901023460206488,)","(0.00011352795150199047,)","(0.00019502960035300276,)","(0.00019502960035300276,)","(-6.591101144700056e-05,)","(3.974531589799992e-05,)","(3.9744262908000035e-05,)","(-0.00018205502424895048,)","(2.1661230420993993e-05,)","(2.163722134498891e-05,)","(0.01654780034198211,)","(0.0002336912610019226,)","(0.0002336912610019226,)",1.25,0.25,1.5
"(0.00639740577230441,)","(0.0002512730086436932,)","(0.00025127557671567047,)","(-7.935511964002329e-05,)","(0.00011518787701000899,)","(0.00011518787701000899,)","(-5.2558691338999795e-05,)","(2.9041522945000287e-05,)","(2.904165882699995e-05,)","(-0.00011406706410199696,)","(8.648766602975533e-06,)","(8.651198673964577e-06,)","(0.006643386648022442,)","(9.839484201279447e-05,)","(9.839484201279447e-05,)",1.25,0.25,1.75
"(0.1207029669129156,)","(0.0016113760651990106,)","(0.0016113799977972576,)","(0.0011765880160480302,)","(0.0008926816903770118,)","(0.0008926816903770118,)","(-9.749875339799992e-05,)","(7.474199563400029e-05,)","(7.474179595400032e-05,)","(-0.0001700210938280211,)","(3.977796845197612e-05,)","(3.978210096797219e-05,)","(0.11979389874397839,)","(0.0006041744100002688,)","(0.0006041744100002688,)",1.25,0.5,0.75
"(0.06430521444769965,)","(0.0012185309423102808,)","(0.0012185211378437089,)","(0.0007545869631190305,)","(0.0005829494008130209,)","(0.0005829494008130209,)","(-8.288711012199987e-05,)","(6.027830911700021e-05,)","(6.027758471100018e-05,)","(-0.00023912645927001708,)","(3.8074478628968844e-05,)","(3.806539863795977e-05,)","(0.06387264105296708,)","(0.0005372287529894493,)","(0.0005372287529894493,)",1.25,0.5,1.0
"(0.030491801577227307,)","(0.0007798697749308303,)","(0.0007798703259709328,)","(0.000345262709904981,)","(0.00031832375314599926,)","(0.00031832375314699846,)","(-7.355122499199968e-05,)","(4.785581468400024e-05,)","(4.785703713299991e-05,)","(-0.00022479706256095522,)","(3.141001243597841e-05,)","(3.140934102399684e-05,)","(0.030444887153976197,)","(0.000382280194003215,)","(0.000382280194003215,)",1.25,0.5,1.25
"(0.0131218922137748,)","(0.0004102473237992399,)","(0.0004102397265342006,)","(5.2107256920008727e-05,)","(0.0001674402347400239,)","(0.00016744023469600355,)","(-6.290548623899984e-05,)","(3.7061125359000215e-05,)","(3.70638131980002e-05,)","(-0.00016493815594803563,)","(1.7975030978972795e-05,)","(1.7964674140974468e-05,)","(0.013297628597996436,)","(0.00018777093200128547,)","(0.00018777100399347546,)",1.25,0.5,1.5
"(0.005194904973194525,)","(0.00022908181355774104,)","(0.0002290565179805526,)","(-0.00010215837568999797,)","(0.00010607907296600327,)","(0.00010607907289900131,)","(-4.949218981200026e-05,)","(2.6927313941000307e-05,)","(2.692552927200005e-05,)","(-0.00010152096863799698,)","(7.081579406986727e-06,)","(7.057996596976368e-06,)","(0.005448076508031363,)","(8.89938470152174e-05,)","(8.899391900740738e-05,)",1.25,0.5,1.75
"(0.12070289381031785,)","(0.0016113724252591055,)","(0.0016113723321211637,)","(0.00117658783421698,)","(0.0008926816014500072,)","(0.000892681601449008,)","(-9.75000437850003e-05,)","(7.474185430000023e-05,)","(7.474173885100004e-05,)","(-0.00017009280814198058,)","(3.977455912998473e-05,)","(3.9774581189977454e-05,)","(0.11979389882799296,)","(0.0006041744100002688,)","(0.0006041744100002688,)",1.25,0.75,0.5
"(0.07659168808834238,)","(0.001327907313338983,)","(0.0013278943408181476,)","(0.000868695968501032,)","(0.0006628558590170142,)","(0.000662855859016015,)","(-8.579173929900005e-05,)","(6.385317190400015e-05,)","(6.385219084600012e-05,)","(-0.00023029468832003186,)","(3.8711457933965354e-05,)","(3.869946660797763e-05,)","(0.0760390785470122,)","(0.0005624868240090564,)","(0.0005624868240090564,)",1.25,0.75,0.75
"(0.04216670307602044,)","(0.0009622642573958728,)","(0.0009622776309470282,)","(0.0005058298520999593,)","(0.0004170302730280018,)","(0.0004170302730280018,)","(-7.734790586500038e-05,)","(5.277278277300004e-05,)","(5.2772987233000185e-05,)","(-0.00023888964141993707,)","(3.516355329399867e-05,)","(3.517672210498479e-05,)","(0.04197711077102895,)","(0.00045729764801194506,)","(0.00045729764801194506,)",1.25,0.75,1.0
"(0.020620495344331857,)","(0.0005860706503426627,)","(0.0005860762265967878,)","(0.00018788566157901254,)","(0.00023151622768802227,)","(0.00023151622768902147,)","(-6.883476151199955e-05,)","(4.2593396351000255e-05,)","(4.259374860100026e-05,)","(-0.00019906901640903696,)","(2.5480848390962985e-05,)","(2.54860724649697e-05,)","(0.020700513462031722,)","(0.000286480178004922,)","(0.000286480178004922,)",1.25,0.75,1.25
"(0.00911656809427086,)","(0.00031180339553316117,)","(0.0003118102216319585,)","(-2.590172503996735e-05,)","(0.00013567614784601445,)","(0.00013567614784601445,)","(-5.7754576483000364e-05,)","(3.2878778848000056e-05,)","(3.28787155980002e-05,)","(-0.0001379700615490309,)","(1.257834484097442e-05,)","(1.258523396197031e-05,)","(0.009338194457995996,)","(0.0001306701240082475,)","(0.0001306701240082475,)",1.25,0.75,1.5
"(0.0036951456652616343,)","(0.00020783773069865674,)","(0.0002078449505233948,)","(-0.00012829168193900786,)","(9.397890900200712e-05,)","(9.397890900200712e-05,)","(-4.454952637199987e-05,)","(2.3773163872000107e-05,)","(2.377300258100002e-05,)","(-8.344457898995516e-05,)","(5.634139753990519e-06,)","(5.6415205989812645e-06,)","(0.003951431453003806,)","(8.445151800628992e-05,)","(8.445151800628992e-05,)",1.25,0.75,1.75
"(0.08370944607844422,)","(0.0013836494630936613,)","(0.001383643956103242,)","(0.0009284035862630047,)","(0.0007055669717800084,)","(0.0007055669717800084,)","(-8.751084874899975e-05,)","(6.579015567500027e-05,)","(6.578977424800004e-05,)","(-0.00022317584288400472,)","(3.893508403798873e-05,)","(3.8929958574990264e-05,)","(0.08309172918296781,)","(0.0005733572509996065,)","(0.0005733572509996065,)",1.25,1.0,0.25
"(0.06430522565563024,)","(0.0012185318568356251,)","(0.001218531559203484,)","(0.000754586776407995,)","(0.0005829494715640093,)","(0.0005829494715630101,)","(-8.288570222399943e-05,)","(6.0278666846000275e-05,)","(6.027906087400017e-05,)","(-0.0002391165041379928,)","(3.8074965139967e-05,)","(3.807427298896382e-05,)","(0.06387264108496993,)","(0.0005372287529894493,)","(0.0005372287529894493,)",1.25,1.0,0.5
"(0.042166687720936125,)","(0.0009622658546390994,)","(0.0009622600321961272,)","(0.0005058277745219608,)","(0.00041702930831499785,)","(0.00041702930831399865,)","(-7.734326320199981e-05,)","(5.2772773686000224e-05,)","(5.277325938500034e-05,)","(-0.00023890756273398095,)","(3.516612337198244e-05,)","(3.515981582299932e-05,)","(0.04197711077202371,)","(0.0004572976490067049,)","(0.00045729764801194506,)",1.25,1.0,0.75
"(0.024071680441181798,)","(0.0006587022197663828,)","(0.0006586935341488243,)","(0.00024549363307801997,)","(0.0002619101292100079,)","(0.0002619101292100079,)","(-7.074339145799998e-05,)","(4.460553662500016e-05,)","(4.460766304700001e-05,)","(-0.00020997357083399337,)","(2.797440786997396e-05,)","(2.7963595861990598e-05,)","(0.024106903771041743,)","(0.00032421214601185966,)","(0.00032421214601185966,)",1.25,1.0,1.0
"(0.012189732804415598,)","(0.00038722289713177815,)","(0.00038715594530458475,)","(3.4222675296985416e-05,)","(0.00015985076319299796,)","(0.00015985076314700697,)","(-6.188171544200009e-05,)","(3.6203497830000157e-05,)","(3.6197744885e-05,)","(-0.00015929882503998294,)","(1.685076533297636e-05,)","(1.6789494979990716e-05,)","(0.012376690669015034,)","(0.00017431787000532495,)","(0.00017431794199751494,)",1.25,1.0,1.25
"(0.005566382848996909,)","(0.0002354947777973848,)","(0.00023551385723408202,)","(-9.522803001299485e-05,)","(0.00010892152703600999,)","(0.00010892152697000723,)","(-5.050556006800039e-05,)","(2.76139202130001e-05,)","(2.7614861291999984e-05,)","(-0.00010555699971701027,)","(7.5238742049676954e-06,)","(7.541940544975034e-06,)","(0.005817673438997417,)","(9.14354559995445e-05,)","(9.143552799173449e-05,)",1.25,1.0,1.5
"(0.0023188144702146474,)","(0.00019488843432213798,)","(0.00019489483838697197,)","(-0.00014691748539602534,)","(8.093122374699946e-05,)","(8.093122374699946e-05,)","(-3.8179550283999955e-05,)","(2.0235653786000122e-05,)","(2.023419679500005e-05,)","(-6.352501306497449e-05,)","(5.5470860389761345e-06,)","(5.554947223984641e-06,)","(0.002567436518006616,)","(8.817446999387357e-05,)","(8.817446999387357e-05,)",1.25,1.0,1.75
"(0.038844020979013294,)","(0.0009145675347213,)","(0.0009145751113237566,)","(0.00046256627254198657,)","(0.00038963308540501673,)","(0.00038963308540601593,)","(-7.637597591299977e-05,)","(5.146773174800022e-05,)","(5.14679549710002e-05,)","(-0.00023624269106198303,)","(3.431090177796747e-05,)","(3.431825483296569e-05,)","(0.038694073373022775,)","(0.0004391558150018682,)","(0.000439155815996628,)",1.25,1.25,0.25
"(0.030491835690810376,)","(0.0007798856570104817,)","(0.0007798893934136686,)","(0.00034526152057701154,)","(0.0003183235875980073,)","(0.0003183235875980073,)","(-7.354842397600024e-05,)","(4.78585582280003e-05,)","(4.7858472774000085e-05,)","(-0.00022476455850103938,)","(3.1423317408990625e-05,)","(3.142713911696848e-05,)","(0.030444887152981437,)","(0.00038228019300845517,)","(0.000382280194003215,)",1.25,1.25,0.5
"(0.020620485833831026,)","(0.0005860679924865053,)","(0.0005860676754139149,)","(0.00018788258223995102,)","(0.00023151536037199771,)","(0.00023151536037199771,)","(-6.883827482200011e-05,)","(4.2592013575000216e-05,)","(4.2593796668999925e-05,)","(-0.00019907193481391583,)","(2.5480440648983915e-05,)","(2.5478340512002928e-05,)","(0.020700513462031722,)","(0.000286480178004922,)","(0.000286480178004922,)",1.25,1.25,0.75
"(0.01218967285737449,)","(0.00038716441244446287,)","(0.0003871572528169054,)","(3.4222411729012414e-05,)","(0.00015985068061902252,)","(0.00015985068061802332,)","(-6.188684751699987e-05,)","(3.619808455000012e-05,)","(3.61980609050001e-05,)","(-0.0001593532959379973,)","(1.6797776869970082e-05,)","(1.6790640679970048e-05,)","(0.012376690589007922,)","(0.00017431787000532495,)","(0.00017431787000532495,)",1.25,1.25,1.0
"(0.00639735427080268,)","(0.0002512686956777088,)","(0.0002512623761674604,)","(-7.93567308169929e-05,)","(0.0001151874804580233,)","(0.0001151874804580233,)","(-5.2565540364999785e-05,)","(2.9040878449000315e-05,)","(2.903862461600031e-05,)","(-0.00011411010595302473,)","(8.645494382952812e-06,)","(8.64142896395137e-06,)","(0.006643386648022442,)","(9.839484201279447e-05,)","(9.839484201279447e-05,)",1.25,1.25,1.25
"(0.003022165307754676,)","(0.0002009684856147942,)","(0.0002009663431294939,)","(-0.0001383778012220005,)","(8.794394387801052e-05,)","(8.794394387801052e-05,)","(-4.172746450999999e-05,)","(2.2129089158000066e-05,)","(2.2127742061000145e-05,)","(-7.415524861101308e-05,)","(5.397477980978449e-06,)","(5.396682521974228e-06,)","(0.0032764258210136177,)","(8.549797399837189e-05,)","(8.549797399837189e-05,)",1.25,1.25,1.5
"(0.0012883066247297847,)","(0.0001821463338274043,)","(0.0001821350641364461,)","(-0.00015229828146101632,)","(6.878770956300628e-05,)","(6.878770956200708e-05,)","(-3.118470963200037e-05,)","(1.7158250239000285e-05,)","(1.7159431061999995e-05,)","(-4.5364290117005934e-05,)","(6.90010681797526e-06,)","(6.88765638598432e-06,)","(0.0015171539060361283,)","(8.930026700681992e-05,)","(8.930026700681992e-05,)",1.25,1.25,1.75
"(0.016413390429448782,)","(0.0004901349966246471,)","(0.000490103709523737,)","(0.0001135246821030167,)","(0.0001950282154840055,)","(0.0001950282154840055,)","(-6.591024695599967e-05,)","(3.9747049022000134e-05,)","(3.9744489840000136e-05,)","(-0.00018202434583902694,)","(2.1668471283986523e-05,)","(2.1639742970980258e-05,)","(0.016547800341015773,)","(0.0002336912610019226,)","(0.0002336912610019226,)",1.25,1.5,0.25
"(0.013121900243220352,)","(0.00041025386187243384,)","(0.0004102416409921261,)","(5.2105718510997434e-05,)","(0.0001674396356210195,)","(0.0001674396356200203,)","(-6.29013632110001e-05,)","(3.7062973048999914e-05,)","(3.7063251221000106e-05,)","(-0.0001649326381939764,)","(1.798032079397549e-05,)","(1.7967821620973323e-05,)","(0.013297628526004246,)","(0.00018777093200128547,)","(0.00018777093200128547,)",1.25,1.5,0.5
"(0.009116555542021842,)","(0.00031180184154777635,)","(0.00031179223157096203,)","(-2.590193281498676e-05,)","(0.0001356762075420126,)","(0.0001356762075420126,)","(-5.775438786800044e-05,)","(3.2878648197000055e-05,)","(3.2877931602000136e-05,)","(-0.00013798259404801394,)","(1.2576862669977373e-05,)","(1.2567968428967013e-05,)","(0.009338194457001237,)","(0.00013067012301348768,)","(0.0001306701240082475,)",1.25,1.5,0.75
"(0.005566383643241579,)","(0.0002355176262369696,)","(0.0002355117019874342,)","(-9.522905821601757e-05,)","(0.00010892121557401491,)","(0.00010892121550801215,)","(-5.050531696799976e-05,)","(2.7614889101000312e-05,)","(2.7615186552999976e-05,)","(-0.00010555536439596502,)","(7.546065200980667e-06,)","(7.539771454984079e-06,)","(0.00581767338300665,)","(9.14354559995445e-05,)","(9.143552799173449e-05,)",1.25,1.5,1.0
"(0.003022156503732276,)","(0.0002009680790990842,)","(0.0002009670766653926,)","(-0.00013837755039197708,)","(8.7943909634014e-05,)","(8.79439096330148e-05,)","(-4.17258317439999e-05,)","(2.212928503700015e-05,)","(2.2127898110000255e-05,)","(-7.416593569503638e-05,)","(5.396910039978664e-06,)","(5.397294452980095e-06,)","(0.0032764258210136177,)","(8.549797399837189e-05,)","(8.549797399837189e-05,)",1.25,1.5,1.25
"(0.0014672438988156955,)","(0.00018542573673130391,)","(0.00018541761207302443,)","(-0.00015232132563597345,)","(7.107344968601548e-05,)","(7.107344968601548e-05,)","(-3.262178091099953e-05,)","(1.771236291100032e-05,)","(1.7713729328000267e-05,)","(-4.882917490900418e-05,)","(6.553507161971561e-06,)","(6.544016178972045e-06,)","(0.0017010161810162572,)","(9.008641700347653e-05,)","(9.008641700347653e-05,)",1.25,1.5,1.5
"(0.0006266534633709853,)","(0.00015834080468835054,)","(0.00015833735537285065,)","(-0.00014507219587195364,)","(6.0026833658022305e-05,)","(6.0026833658022305e-05,)","(-2.4461245024999783e-05,)","(1.5084529541000303e-05,)","(1.5083935881000238e-05,)","(-3.0750190063016936e-05,)","(8.420602303965685e-06,)","(8.417746483968536e-06,)","(0.0008269370940183762,)","(7.48088390025714e-05,)","(7.48088390025714e-05,)",1.25,1.5,1.75
"(0.006397436907974452,)","(0.0002512735968025481,)","(0.0002512725455687814,)","(-7.934769908396477e-05,)","(0.00011519157370001865,)","(0.00011519157370001865,)","(-5.2559813609999884e-05,)","(2.904003324099994e-05,)","(2.9039898783000083e-05,)","(-0.00011404222831601363,)","(8.647147335977268e-06,)","(8.64623093896344e-06,)","(0.006643386649045624,)","(9.839484201279447e-05,)","(9.839484201279447e-05,)",1.25,1.75,0.25
"(0.0051949449709809414,)","(0.00022908267516186243,)","(0.00022908174344138388,)","(-0.00010215920760298092,)","(0.00010607868246900742,)","(0.00010607868246900742,)","(-4.948721013400001e-05,)","(2.692710035100002e-05,)","(2.6927099976000075e-05,)","(-0.00010148505181703515,)","(7.0830446859682095e-06,)","(7.082113501977183e-06,)","(0.0054480764400182125,)","(8.89938470152174e-05,)","(8.89938470152174e-05,)",1.25,1.75,0.5
"(0.00369521282030405,)","(0.00020786686931728582,)","(0.0002078613816252073,)","(-0.00012829196244701357,)","(9.397856413601025e-05,)","(9.397856413601025e-05,)","(-4.4546045160999415e-05,)","(2.3774857476000204e-05,)","(2.377331704200023e-05,)","(-8.338062466800578e-05,)","(5.661929895983686e-06,)","(5.657982633966441e-06,)","(0.003951431452037468,)","(8.445151701153009e-05,)","(8.445151701153009e-05,)",1.25,1.75,0.75
"(0.0023188102202027494,)","(0.0001948886206264433,)","(0.00019489052161247855,)","(-0.00014691761344998167,)","(8.093114411400482e-05,)","(8.093114403201485e-05,)","(-3.8179357520000314e-05,)","(2.023566757600008e-05,)","(2.0233978071000202e-05,)","(-6.352939876000385e-05,)","(5.547338918970857e-06,)","(5.550857637981466e-06,)","(0.002567436590993566,)","(8.817446999387357e-05,)","(8.817454201448527e-05,)",1.25,1.75,1.0
"(0.0012882968217411417,)","(0.0001821413461868815,)","(0.00018213992831306314,)","(-0.0001522984412959949,)","(6.878763267501031e-05,)","(6.878763267600951e-05,)","(-3.118627240599999e-05,)","(1.715831870899992e-05,)","(1.715816549900011e-05,)","(-4.537237120100235e-05,)","(6.895126848982525e-06,)","(6.8938630559678415e-06,)","(0.0015171539070308881,)","(8.930026800157975e-05,)","(8.930026700681992e-05,)",1.25,1.75,1.25
"(0.0006266486372510371,)","(0.00015834623957289296,)","(0.0001583459015819244,)","(-0.000145072017389003,)","(6.002684279801662e-05,)","(6.002684279701742e-05,)","(-2.4461853972000246e-05,)","(1.5084028236000187e-05,)","(1.5085037813999946e-05,)","(-3.075463077700791e-05,)","(8.426528906979591e-06,)","(8.425181131976878e-06,)","(0.0008269371399762804,)","(7.48088390025714e-05,)","(7.480883999733123e-05,)",1.25,1.75,1.5
"(0.0002519878736109149,)","(0.00012726174287536196,)","(0.0001272606305917634,)","(-0.0001292996164450333,)","(5.569949882799907e-05,)","(5.569949882799907e-05,)","(-1.8629241127999553e-05,)","(1.3799670747000146e-05,)","(1.3797414449000147e-05,)","(-1.9921224155922124e-05,)","(8.758722015000941e-06,)","(8.759865919000243e-06,)","(0.0004198379549507081,)","(4.9003850989493e-05,)","(4.9003850989493e-05,)",1.25,1.75,1.75
"(0.12070292887179335,)","(0.0016113875318524151,)","(0.0016113829724133666,)","(0.0011765885977509938,)","(0.0008926817282760013,)","(0.0008926817282770005,)","(-9.750021098200046e-05,)","(7.474224607400019e-05,)","(7.474224604600002e-05,)","(-0.00017005831992100706,)","(3.978914662297606e-05,)","(3.978458737899371e-05,)","(0.1197938988049998,)","(0.0006041744109950287,)","(0.0006041744100002688,)",1.5,0.25,0.25
"(0.0915812828807816,)","(0.0014400081115013563,)","(0.001440008445570129,)","(0.0009895275916549928,)","(0.0007500162498370044,)","(0.0007500162498370044,)","(-8.947625854499987e-05,)","(6.784077133600028e-05,)","(6.783993196500006e-05,)","(-0.00021388141042999465,)","(3.917660211696927e-05,)","(3.91777755639755e-05,)","(0.09089511295798047,)","(0.0005829744879974896,)","(0.0005829744879974896,)",1.5,0.25,0.5
"(0.059002571627758016,)","(0.0011651260694520715,)","(0.0011651291189593849,)","(0.0007005265846429798,)","(0.0005458618542190097,)","(0.0005458618542180105,)","(-8.163259825199991e-05,)","(5.862638189499999e-05,)","(5.8626953749999974e-05,)","(-0.00024130219897697258,)","(3.764718581797388e-05,)","(3.764966345898291e-05,)","(0.05862497983997628,)","(0.0005229906469992329,)","(0.0005229906469992329,)",1.5,0.25,0.75
"(0.03303261152188952,)","(0.0008233347963653159,)","(0.0008233543572657709,)","(0.00038233854725400196,)","(0.0003403425783179981,)","(0.0003403425783179981,)","(-7.448545607900009e-05,)","(4.901518979499994e-05,)","(4.901555326100029e-05,)","(-0.00022906271493597363,)","(3.2444108828993956e-05,)","(3.246330585099377e-05,)","(0.032953821145980555,)","(0.0004015329189996919,)","(0.00040153291999445173,)",1.5,0.25,1.0
"(0.016413355197641977,)","(0.0004901354949140568,)","(0.0004901025336323528,)","(0.00011352656115498627,)","(0.00019502896531500835,)","(0.00019502896531500835,)","(-6.591531014000021e-05,)","(3.974415871900016e-05,)","(3.9744239833000225e-05,)","(-0.0001820563944400222,)","(2.167110930997862e-05,)","(2.1638067080970158e-05,)","(0.016547800341015773,)","(0.0002336912610019226,)","(0.0002336912610019226,)",1.5,0.25,1.25
"(0.007362842832037586,)","(0.0002715156827264309,)","(0.0002715190637161413,)","(-6.051709333798616e-05,)","(0.00012241482673100434,)","(0.00012241482673000514,)","(-5.463292489900004e-05,)","(3.053149189800007e-05,)","(3.053263795400017e-05,)","(-0.00012321459335204454,)","(1.0025943946972982e-05,)","(1.0028179127985482e-05,)","(0.007601207443997282,)","(0.0001085434199978863,)","(0.0001085434199978863,)",1.5,0.25,1.5
"(0.003022106628293386,)","(0.00020094750917110105,)","(0.00020093921457942088,)","(-0.00013837856947801486,)","(8.794398051001351e-05,)","(8.794398051101271e-05,)","(-4.173003137299949e-05,)","(2.2126067169000313e-05,)","(2.2127156205000147e-05,)","(-7.421059293202803e-05,)","(5.379486894968588e-06,)","(5.370103536961324e-06,)","(0.003276425821979956,)","(8.549797399837189e-05,)","(8.549797399837189e-05,)",1.5,0.25,1.75
"(0.0915812424998137,)","(0.0014399799191266993,)","(0.0014399786724652586,)","(0.0009895254571999912,)","(0.0007500153001959997,)","(0.0007500153001959997,)","(-8.947724492000021e-05,)","(6.783943140499992e-05,)","(6.783949322100016e-05,)","(-0.0002139186151609851,)","(3.915069918999925e-05,)","(3.9149391197979e-05,)","(0.09089511290301289,)","(0.0005829744879974896,)","(0.0005829744879974896,)",1.5,0.5,0.25
"(0.07014733963868025,)","(0.0012728437629903055,)","(0.0012728204870597892,)","(0.0008106892103329488,)","(0.0006219624730769979,)","(0.0006219624730759987,)","(-8.426259329899922e-05,)","(6.20179866270003e-05,)","(6.201825831200032e-05,)","(-0.00023550794868196223,)","(3.844292998297916e-05,)","(3.841938202897577e-05,)","(0.06965642096997726,)","(0.0005504203730026802,)","(0.0005504203730026802,)",1.5,0.5,0.5
"(0.045807168790048536,)","(0.0010112126877857008,)","(0.0010112306711960173,)","(0.0005512366828649973,)","(0.00044632194662599933,)","(0.00044632194662699853,)","(-7.834363376999984e-05,)","(5.413522416900006e-05,)","(5.413655964699995e-05,)","(-0.00024086993731201045,)","(3.5905599326979676e-05,)","(3.5922247195979695e-05,)","(0.045575145678014906,)","(0.0004748499169977549,)","(0.0004748499169977549,)",1.5,0.5,0.75
"(0.02603004248828711,)","(0.0006974927798069075,)","(0.0006975036766903031,)","(0.00027690453778100865,)","(0.00027918771996102154,)","(0.00027918771996102154,)","(-7.168200957199987e-05,)","(4.565550670700006e-05,)","(4.565736174200023e-05,)","(-0.0002151608936340199,)","(2.915401864597711e-05,)","(2.916306075795294e-05,)","(0.02603998085396597,)","(0.0003434955339969292,)","(0.0003434955339969292,)",1.5,0.5,1.0
"(0.013121882091724046,)","(0.000410237912149114,)","(0.00041023231349868183,)","(5.210634511798595e-05,)","(0.00016743983279501884,)","(0.0001674398327509985,)","(-6.290562686999974e-05,)","(3.706213337599995e-05,)","(3.70620900920003e-05,)","(-0.00016494722450199895,)","(1.7965013441978428e-05,)","(1.795938617699111e-05,)","(0.013297628597996436,)","(0.00018777093200128547,)","(0.00018777100399347546,)",1.5,0.5,1.25
"(0.0059663967493577275,)","(0.00024288172008368747,)","(0.00024287298481340258,)","(-8.764061920796262e-05,)","(0.00011194941210501685,)","(0.0001119494120390141,)","(-5.153239759699956e-05,)","(2.8319874295000286e-05,)","(2.831707498e-05,)","(-0.00010975607762903072,)","(8.065260769962723e-06,)","(8.059252773973125e-06,)","(0.00621532584497686,)","(9.454717300627635e-05,)","(9.454724499846634e-05,)",1.5,0.5,1.5
"(0.0024768530610685957,)","(0.00019622712233058337,)","(0.00019622044146672124,)","(-0.00014523447157599456,)","(8.258448044301536e-05,)","(8.258448044301536e-05,)","(-3.9043575371999935e-05,)","(2.0676670683999945e-05,)","(2.0675249226000027e-05,)","(-6.601192107100196e-05,)","(5.464996495979646e-06,)","(5.459736771962209e-06,)","(0.002727143029005674,)","(8.750097399001788e-05,)","(8.750097501319942e-05,)",1.5,0.5,1.75
"(0.05900252314978616,)","(0.0011650982531818954,)","(0.0011651012491142865,)","(0.0007005230829880138,)","(0.0005458602776200194,)","(0.0005458602776200194,)","(-8.163512489100036e-05,)","(5.862520980699998e-05,)","(5.862519398700016e-05,)","(-0.00024134464684902324,)","(3.762211798097326e-05,)","(3.762512992397382e-05,)","(0.05862497983798676,)","(0.0005229906469992329,)","(0.0005229906469992329,)",1.5,0.75,0.25
"(0.04580717682844693,)","(0.0010112239444026727,)","(0.0010112253575584873,)","(0.0005512343958440358,)","(0.0004463213406710187,)","(0.0004463213406720179,)","(-7.834248876000026e-05,)","(5.413564656900002e-05,)","(5.413650126300006e-05,)","(-0.00024086075308804578,)","(3.591704119795813e-05,)","(3.591759924295723e-05,)","(0.045575145675002204,)","(0.0004748499160029951,)","(0.0004748499160029951,)",1.5,0.75,0.5
"(0.030491915687491655,)","(0.0007798916012973223,)","(0.0007799603049818415,)","(0.00034526273650403727,)","(0.0003183239068120236,)","(0.0003183239068120236,)","(-7.354443744899981e-05,)","(4.785729193199995e-05,)","(4.786298105800011e-05,)","(-0.00022468976698503118,)","(3.143020760196236e-05,)","(3.149322211495886e-05,)","(0.030444887155965716,)","(0.00038228019499797483,)","(0.00038228019499797483,)",1.5,0.75,0.75
"(0.017701610434471604,)","(0.0005203519145879909,)","(0.0005203172538017498,)","(0.0001367907069809715,)","(0.00020609188386500055,)","(0.00020609188386500055,)","(-6.689710264099922e-05,)","(4.067366918800034e-05,)","(4.0672861923000264e-05,)","(-0.0001877556838340011,)","(2.294785766598917e-05,)","(2.2914004595975257e-05,)","(0.017819472514020163,)","(0.00025063850401352283,)","(0.0002506385029903413,)",1.5,0.75,1.0
"(0.009116569221276904,)","(0.0003117944704911224,)","(0.0003118041189509313,)","(-2.5901627105973102e-05,)","(0.0001356762448650184,)","(0.0001356762448650184,)","(-5.775409264099961e-05,)","(3.2878107014000166e-05,)","(3.2879103233000254e-05,)","(-0.0001379695344180254,)","(1.2569994487982017e-05,)","(1.2578646638977675e-05,)","(0.00933819447601536,)","(0.0001306701240082475,)","(0.0001306701240082475,)",1.5,0.75,1.25
"(0.004230837824962919,)","(0.00021450547981771706,)","(0.00021450466482519914,)","(-0.00011939937641303189,)","(9.845895841700814e-05,)","(9.845895841700814e-05,)","(-4.648831446200019e-05,)","(2.497645841500031e-05,)","(2.4976658988999992e-05,)","(-9.022930727697887e-05,)","(6.062812116985894e-06,)","(6.0617962579778695e-06,)","(0.004486954823960332,)","(8.50072509877009e-05,)","(8.50072509877009e-05,)",1.5,0.75,1.5
"(0.0017840213830879748,)","(0.00018972919662019194,)","(0.000189726887327879,)","(-0.00015119689413101156,)","(7.493880355499694e-05,)","(7.493880355399773e-05,)","(-3.4901083620999824e-05,)","(1.8676355019999966e-05,)","(1.8677752553000315e-05,)","(-5.459729563297988e-05,)","(6.054381485987026e-06,)","(6.050674596996819e-06,)","(0.002024716656023884,)","(9.005965600294985e-05,)","(9.005965600294985e-05,)",1.5,0.75,1.75
"(0.033032564217791105,)","(0.000823328623823727,)","(0.0008233106549653257,)","(0.0003823350151520022,)","(0.00034034100443899873,)","(0.00034034100443899873,)","(-7.44902543990001e-05,)","(4.901476482600028e-05,)","(4.9013870693e-05,)","(-0.0002291016882280117,)","(3.243993485699259e-05,)","(3.2422860198000336e-05,)","(0.032953821144985795,)","(0.0004015329189996919,)","(0.0004015329189996919,)",1.5,1.0,0.25
"(0.026030012629661314,)","(0.0006975079666062811,)","(0.000697480303614384,)","(0.0002769025640479983,)","(0.0002791870155220144,)","(0.0002791870155220144,)","(-7.168078585399968e-05,)","(4.5657680519000255e-05,)","(4.565609565200003e-05,)","(-0.00021519000016897993,)","(2.9167737226970525e-05,)","(2.9141659008968812e-05,)","(0.026039980851976452,)","(0.0003434955330021694,)","(0.0003434955330021694,)",1.5,1.0,0.5
"(0.017701619544226332,)","(0.0005203460437144258,)","(0.0005203442063930197,)","(0.0001367893850140467,)","(0.00020609169135202277,)","(0.00020609169135202277,)","(-6.689885017500041e-05,)","(4.067371392999994e-05,)","(4.067394308399997e-05,)","(-0.00018774350378006344,)","(2.29421349679515e-05,)","(2.294006838496343e-05,)","(0.01781947251299698,)","(0.0002506385029903413,)","(0.0002506385029903413,)",1.5,1.0,0.75
"(0.010532898886594921,)","(0.00034617554001670214,)","(0.0003461688296511056,)","(1.9892595309878303e-06,)","(0.0001466539277500123,)","(0.0001466539277510115,)","(-5.9827630883000065e-05,)","(3.451200910100033e-05,)","(3.451159564000009e-05,)","(-0.00014847181154295508,)","(1.4575033842972873e-05,)","(1.4568737168985102e-05,)","(0.010739209070038669,)","(0.00015043456900798446,)","(0.00015043456900798446,)",1.5,1.0,1.0
"(0.005566378412396489,)","(0.00023551018884404584,)","(0.00023551042596636762,)","(-9.522920728199935e-05,)","(0.00010892122708799912,)","(0.00010892122708699992,)","(-5.050641551999956e-05,)","(2.7614948243000204e-05,)","(2.7615121493000053e-05,)","(-0.00010555933269904005,)","(7.538556674985264e-06,)","(7.538620549973896e-06,)","(0.005817673368994747,)","(9.143545699430433e-05,)","(9.143545699430433e-05,)",1.5,1.0,1.25
"(0.002646141093521237,)","(0.00019766031078916058,)","(0.00019766728325976146,)","(-0.00014326510966999884,)","(8.430264770001306e-05,)","(8.430264761902229e-05,)","(-3.9924212307000315e-05,)","(2.1139426666000154e-05,)","(2.1137782565999914e-05,)","(-6.86278981980315e-05,)","(5.413485610977764e-06,)","(5.4220303079555165e-06,)","(0.0028979583129569164,)","(8.680474999778198e-05,)","(8.680482198997197e-05,)",1.5,1.0,1.5
"(0.001131176048289717,)","(0.00017848905972073226,)","(0.00017849535441882836,)","(-0.00015177045438302672,)","(6.672880614599919e-05,)","(6.672880614599919e-05,)","(-2.9820224957000357e-05,)","(1.6667989321999914e-05,)","(1.6667882139000025e-05,)","(-4.220765454696074e-05,)","(7.229447160000957e-06,)","(7.2358490429969e-06,)","(0.0013549743829912586,)","(8.786281699713072e-05,)","(8.786281699713072e-05,)",1.5,1.0,1.75
"(0.01641338891161581,)","(0.000490110419065104,)","(0.0004901294684600543,)","(0.00011352467187697446,)","(0.00019502821038400175,)","(0.00019502821038400175,)","(-6.591030726300039e-05,)","(3.974463731099996e-05,)","(3.9746771568000255e-05,)","(-0.000182025793205004,)","(2.164631041798315e-05,)","(2.16632253359772e-05,)","(0.016547800341015773,)","(0.0002336912610019226,)","(0.0002336912610019226,)",1.5,1.25,0.25
"(0.013121927538833233,)","(0.0004102524964650911,)","(0.0004102730692068235,)","(5.210571846897549e-05,)","(0.0001674396356210195,)","(0.00016743963557699915,)","(-6.289949176099992e-05,)","(3.7064333853000214e-05,)","(3.7065903399000327e-05,)","(-0.0001649072860309686,)","(1.797759451696579e-05,)","(1.799652582698541e-05,)","(0.013297628597996436,)","(0.00018777093200128547,)","(0.00018777100399347546,)",1.5,1.25,0.5
"(0.009116577926903346,)","(0.0003118097012588805,)","(0.000311808708403305,)","(-2.5901931911986864e-05,)","(0.0001356762075420126,)","(0.0001356762075410134,)","(-5.775286875300042e-05,)","(3.287998845600019e-05,)","(3.287842317599996e-05,)","(-0.00013796172353403025,)","(1.2583382006964294e-05,)","(1.2583953724970565e-05,)","(0.009338194451999016,)","(0.00013067012301348768,)","(0.0001306701240082475,)",1.5,1.25,0.75
"(0.005566356677917383,)","(0.00023548952657392874,)","(0.00023551244831310214,)","(-9.522905815001481e-05,)","(0.00010892121557401491,)","(0.00010892121557401491,)","(-5.0507191770000036e-05,)","(2.7612790554000077e-05,)","(2.7615323095999973e-05,)","(-0.0001055803830569968,)","(7.520064190968956e-06,)","(7.540453006965597e-06,)","(0.00581767331101446,)","(9.14354559995445e-05,)","(9.14354559995445e-05,)",1.5,1.25,1.0
"(0.003022208846743979,)","(0.0002009805431271161,)","(0.0002010214701613222,)","(-0.00013837755039197708,)","(8.79439096330148e-05,)","(8.79439096330148e-05,)","(-4.1726299121999915e-05,)","(2.2128281471000318e-05,)","(2.2131625884999964e-05,)","(-7.41131254230476e-05,)","(5.410377592968141e-06,)","(5.4479600889723034e-06,)","(0.0032764258210136177,)","(8.549797399837189e-05,)","(8.549797399837189e-05,)",1.5,1.25,1.25
"(0.0014672323466129455,)","(0.00018541885901868227,)","(0.0001854149580253761,)","(-0.00015232132563697265,)","(7.107344968501628e-05,)","(7.107344968601548e-05,)","(-3.2622618592999687e-05,)","(1.7712377864000095e-05,)","(1.7712648080000278e-05,)","(-4.8839889469992626e-05,)","(6.5466145269810205e-06,)","(6.542443446971857e-06,)","(0.0017010161800214973,)","(9.008641700347653e-05,)","(9.00864160087167e-05,)",1.5,1.25,1.5
"(0.0006266942046408985,)","(0.00015832974901286434,)","(0.00015834272659276394,)","(-0.00014507219726594967,)","(6.0026833658022305e-05,)","(6.0026833659021506e-05,)","(-2.4455793900000043e-05,)","(1.5083177904000062e-05,)","(1.5084823812000232e-05,)","(-3.07149201440593e-05,)","(8.410898036964598e-06,)","(8.422229710952633e-06,)","(0.0008269371160167793,)","(7.48088390025714e-05,)","(7.48088390025714e-05,)",1.5,1.25,1.75
"(0.007362912303022995,)","(0.00027158465883303506,)","(0.00027150700449851684,)","(-6.051829623798799e-05,)","(0.00012241432232101834,)","(0.00012241432232101834,)","(-5.463484145199968e-05,)","(3.0535912177000104e-05,)","(3.05301121550001e-05,)","(-0.00012314200328197855,)","(1.009100445698019e-05,)","(1.0019150115975206e-05,)","(0.00760120744496362,)","(0.0001085434199978863,)","(0.0001085434199978863,)",1.5,1.5,0.25
"(0.005966619939869133,)","(0.0002428587779377267,)","(0.0002431266463815973,)","(-8.764110002601466e-05,)","(0.00011194905027800406,)","(0.0001119490502120013,)","(-5.1539263015999356e-05,)","(2.8317729111000233e-05,)","(2.8314715380000233e-05,)","(-0.00010952560338201023,)","(8.044825539982314e-06,)","(8.315636080974409e-06,)","(0.00621532590599827,)","(9.454717300627635e-05,)","(9.454724400370651e-05,)",1.5,1.5,0.5
"(0.0042308703430649075,)","(0.0002145096474350794,)","(0.0002145086936025109,)","(-0.0001193991801110017,)","(9.845887298801093e-05,)","(9.845887298901013e-05,)","(-4.648882295999997e-05,)","(2.4976324754000072e-05,)","(2.497651572900021e-05,)","(-9.019648038099959e-05,)","(6.067199193965367e-06,)","(6.066054392989129e-06,)","(0.004486954826006695,)","(8.500724999294107e-05,)","(8.500724999294107e-05,)",1.5,1.5,0.75
"(0.002646123494855601,)","(0.00019766018564837395,)","(0.00019767294983807915,)","(-0.0001432651463220136,)","(8.430259173300425e-05,)","(8.430259173200505e-05,)","(-3.992094397100047e-05,)","(2.113941341200026e-05,)","(2.1138515997999943e-05,)","(-6.864865761097017e-05,)","(5.413430313988554e-06,)","(5.4270916059750984e-06,)","(0.0028979582430110895,)","(8.680474999778198e-05,)","(8.680474999778198e-05,)",1.5,1.5,1.0
"(0.0014672422595651824,)","(0.00018542229557283463,)","(0.00018541904228186468,)","(-0.00015232139506499154,)","(7.107343517601117e-05,)","(7.107343517601117e-05,)","(-3.262030888800038e-05,)","(1.771389778900019e-05,)","(1.771371736099996e-05,)","(-4.883221564699891e-05,)","(6.548546212986617e-06,)","(6.5454731439651415e-06,)","(0.0017010161790267375,)","(9.00864160087167e-05,)","(9.00864160087167e-05,)",1.5,1.5,1.25
"(0.0007155194645065421,)","(0.00016319749809667883,)","(0.00016321032265409485,)","(-0.00014701996425198205,)","(6.118518458000932e-05,)","(6.118518458000932e-05,)","(-2.5547679692999262e-05,)","(1.536470794500028e-05,)","(1.5364525648000303e-05,)","(-3.294856831900783e-05,)","(8.217430923967983e-06,)","(8.230437787970502e-06,)","(0.0009210356760149807,)","(7.843017399977725e-05,)","(7.843017399977725e-05,)",1.5,1.5,1.5
"(0.00029231462579559775,)","(0.00013166425188160247,)","(0.000131659983821919,)","(-0.00013193271775796545,)","(5.6102572439015175e-05,)","(5.6102572439015175e-05,)","(-1.940418893300053e-05,)","(1.3959638159000056e-05,)","(1.3959825284000013e-05,)","(-2.1282597843008677e-05,)","(8.797520048980934e-06,)","(8.79306467996277e-06,)","(0.0004649341299796106,)","(5.280452100464572e-05,)","(5.280452100464572e-05,)",1.5,1.5,1.75
"(0.0030221835251609264,)","(0.00020097833069598892,)","(0.0002009637725848279,)","(-0.00013837443156500262,)","(8.794600430600541e-05,)","(8.794600430600541e-05,)","(-4.172592336900002e-05,)","(2.2127556196000105e-05,)","(2.2128442865000045e-05,)","(-7.414188813797962e-05,)","(5.4067955619907515e-06,)","(5.3913508429870305e-06,)","(0.003276425767978708,)","(8.549797399837189e-05,)","(8.549797399837189e-05,)",1.5,1.75,0.25
"(0.002476836532281368,)","(0.00019623493653853075,)","(0.00019622628198590064,)","(-0.00014523514287700934,)","(8.258436164901295e-05,)","(8.258436164901295e-05,)","(-3.9044658108000185e-05,)","(2.0676975425000174e-05,)","(2.067522412799996e-05,)","(-6.602675668601621e-05,)","(5.472624389962766e-06,)","(5.465721066966189e-06,)","(0.0027271430899986626,)","(8.750097501319942e-05,)","(8.750097501319942e-05,)",1.5,1.75,0.5
"(0.001784022637224325,)","(0.00018973197242644346,)","(0.00018972418001794722,)","(-0.00015119794079399007,)","(7.493872381100775e-05,)","(7.493872381100775e-05,)","(-3.49030794579994e-05,)","(1.86763376290003e-05,)","(1.867613267400028e-05,)","(-5.459300080201679e-05,)","(6.057254460983819e-06,)","(6.049666890967087e-06,)","(0.0020247166580134035,)","(9.005965600294985e-05,)","(9.005965600294985e-05,)",1.5,1.75,0.75
"(0.00113121656443127,)","(0.0001785004334919904,)","(0.00017851552445335983,)","(-0.00015177047684999945,)","(6.672873356800002e-05,)","(6.672873356600162e-05,)","(-2.9821712417000146e-05,)","(1.6668405353999997e-05,)","(1.6668386509000217e-05,)","(-4.216562934603041e-05,)","(7.2404773219791885e-06,)","(7.255587099991301e-06,)","(0.0013549743829912586,)","(8.786281699713072e-05,)","(8.786281699713072e-05,)",1.5,1.75,1.0
"(0.0006266936965175773,)","(0.00015834422620741861,)","(0.00015834161402494829,)","(-0.0001450720280389839,)","(6.0026851716021845e-05,)","(6.0026851716021845e-05,)","(-2.4454903998000297e-05,)","(1.5083669515000234e-05,)","(1.5084843522999991e-05,)","(-3.0716511378037215e-05,)","(8.424865317963048e-06,)","(8.421078822956618e-06,)","(0.0008269371399762804,)","(7.48088390025714e-05,)","(7.480883999733123e-05,)",1.5,1.75,1.25
"(0.0002923038012170309,)","(0.0001316635374166708,)","(0.00013165615234811412,)","(-0.00013193276885803407,)","(5.610258064800422e-05,)","(5.610258064800422e-05,)","(-1.940536212699951e-05,)","(1.3959810146000218e-05,)","(1.3958548771000109e-05,)","(-2.129219874694166e-05,)","(8.79662515398949e-06,)","(8.790501568989306e-06,)","(0.00046493413100279213,)","(5.280452100464572e-05,)","(5.280452100464572e-05,)",1.5,1.75,1.5
"(9.885031815315415e-05,)","(0.00010729378072937834,)","(0.00010721214559339387,)","(-0.0001145274097519855,)","(5.41851846090069e-05,)","(5.41851846090069e-05,)","(-1.4988521866999768e-05,)","(1.2977560811000023e-05,)","(1.2968961913000128e-05,)","(-1.395916699298283e-05,)","(8.185768763990797e-06,)","(8.112732530984879e-06,)","(0.00024232541596802548,)","(3.194526598804259e-05,)","(3.194526598804259e-05,)",1.5,1.75,1.75
"(0.0388440749108554,)","(0.0009146070086387681,)","(0.0009145800930525638,)","(0.00046256671636302205,)","(0.00038963330668800866,)","(0.00038963330668800866,)","(-7.637714356300033e-05,)","(5.147061734900012e-05,)","(5.146792411300002e-05,)","(-0.0002361880364210034,)","(3.4347268226986305e-05,)","(3.432304601597158e-05,)","(0.03869407337498387,)","(0.000439155815996628,)","(0.000439155815996628,)",1.75,0.25,0.25
"(0.030491841061490277,)","(0.0007798908483778177,)","(0.0007798880295979416,)","(0.00034526152057501314,)","(0.0003183235875970081,)","(0.00031832358759600887,)","(-7.354807381199958e-05,)","(4.7858556774000183e-05,)","(4.785842007700011e-05,)","(-0.00022475953779299562,)","(3.142851046097905e-05,)","(3.14258280149915e-05,)","(0.030444887152981437,)","(0.00038228019300845517,)","(0.000382280194003215,)",1.75,0.25,0.5
"(0.020620515287731678,)","(0.0005860776020085723,)","(0.000586076897974408,)","(0.00018788258223895182,)","(0.00023151536037199771,)","(0.00023151536037199771,)","(-6.883523341199953e-05,)","(4.259146615400019e-05,)","(4.259366787700029e-05,)","(-0.00019904552134794584,)","(2.549059770498574e-05,)","(2.5487691734993323e-05,)","(0.02070051346001378,)","(0.00028648017701016215,)","(0.000286480178004922,)",1.75,0.25,0.75
"(0.012189685998805544,)","(0.00038716636476010535,)","(0.00038716529576277026,)","(3.422241220901734e-05,)","(0.00015985068061802332,)","(0.00015985068057200458,)","(-6.188271887500041e-05,)","(3.6199567406e-05,)","(3.619724576700003e-05,)","(-0.0001593443717450016,)","(1.6798246473964662e-05,)","(1.6799427106972686e-05,)","(0.012376690676973112,)","(0.00017431787000532495,)","(0.00017431794199751494,)",1.75,0.25,1.0
"(0.006397379417819593,)","(0.00025127771766619844,)","(0.000251277281165585,)","(-7.93567308169929e-05,)","(0.0001151874804580233,)","(0.0001151874804580233,)","(-5.25606094570006e-05,)","(2.904174821499999e-05,)","(2.9041531411999957e-05,)","(-0.00011408989052003049,)","(8.653646428963269e-06,)","(8.653427109955869e-06,)","(0.006643386649045624,)","(9.839484201279447e-05,)","(9.839484201279447e-05,)",1.75,0.25,1.25
"(0.003022149359054538,)","(0.00020096255735779778,)","(0.00020097034555988103,)","(-0.00013837779936798356,)","(8.794394387801052e-05,)","(8.794394387801052e-05,)","(-4.172728798600015e-05,)","(2.212785608200025e-05,)","(2.2127847322000148e-05,)","(-7.417132197104492e-05,)","(5.392782860963452e-06,)","(5.400579796976945e-06,)","(0.003276425767978708,)","(8.549797399837189e-05,)","(8.549797399837189e-05,)",1.75,0.25,1.5
"(0.001288393622331796,)","(0.00018214397437077423,)","(0.0001822366591284208,)","(-0.00015229828146101632,)","(6.878770956300628e-05,)","(6.878770956200708e-05,)","(-3.117745669599988e-05,)","(1.7158185962999964e-05,)","(1.71700877590001e-05,)","(-4.528454550797867e-05,)","(6.897811502981632e-06,)","(6.978594636969371e-06,)","(0.0015171539060361283,)","(8.930026700681992e-05,)","(8.930026700681992e-05,)",1.75,0.25,1.75
"(0.030491836813553164,)","(0.0007798757497141651,)","(0.0007798826761984401,)","(0.0003452609630419934,)","(0.00031832313889501584,)","(0.00031832313889601505,)","(-7.35501836459998e-05,)","(4.785884114100018e-05,)","(4.785865013299997e-05,)","(-0.00022476112143599014,)","(3.141357424496505e-05,)","(3.1420692046979504e-05,)","(0.030444887155965716,)","(0.00038228019499797483,)","(0.00038228019499797483,)",1.75,0.5,0.25
"(0.024071658467363477,)","(0.0006587086875526893,)","(0.0006586680167970371,)","(0.0002454919492599905,)","(0.00026190953716301313,)","(0.00026190953716201393,)","(-7.074318067000008e-05,)","(4.460622968600024e-05,)","(4.460488416100023e-05,)","(-0.00020999403181501397,)","(2.7980775507974176e-05,)","(2.794144994697212e-05,)","(0.024106903730967133,)","(0.0003242121449886781,)","(0.0003242121449886781,)",1.75,0.5,0.5
"(0.016413413526777276,)","(0.0004901491504654132,)","(0.0004901476094403279,)","(0.00011352463483998987,)","(0.00019502846439900523,)","(0.00019502846439900523,)","(-6.590994264099983e-05,)","(3.974600197600032e-05,)","(3.9745622175000207e-05,)","(-0.00018200150610697685,)","(2.1683423166968252e-05,)","(2.168226176599286e-05,)","(0.016547800341015773,)","(0.0002336912610019226,)","(0.0002336912610019226,)",1.75,0.5,0.75
"(0.009797250799806534,)","(0.0003282217187177139,)","(0.0003282235828976354,)","(-1.2472144838016064e-05,)","(0.00014091722319800604,)","(0.00014091722319800604,)","(-5.8787113768000044e-05,)","(3.3691639591000144e-05,)","(3.369383538400026e-05,)","(-0.00014309612534496585,)","(1.3575462707970942e-05,)","(1.3575130838994198e-05,)","(0.010011606184036737,)","(0.0001400373930096066,)","(0.0001400373930096066,)",1.75,0.5,1.0
"(0.005194862806092715,)","(0.00022905009510054697,)","(0.00022906153500912296,)","(-0.0001021595869630243,)","(0.0001060787457110024,)","(0.0001060787457120016,)","(-4.9493247419000064e-05,)","(2.6924388899000028e-05,)","(2.692516068700029e-05,)","(-0.00010156079589496159,)","(7.053112640986736e-06,)","(7.0637811609985945e-06,)","(0.005448076437033933,)","(8.899384800997723e-05,)","(8.89938470152174e-05,)",1.75,0.5,1.25
"(0.002476886015386981,)","(0.0001962849806034228,)","(0.0001962272161790679,)","(-0.0001452341763999998,)","(8.25844461020131e-05,)","(8.25844461020131e-05,)","(-3.9039362419999654e-05,)","(2.0679665952000152e-05,)","(2.0675349277000064e-05,)","(-6.598347718597686e-05,)","(5.519892996963538e-06,)","(5.466445602980707e-06,)","(0.002727143030995194,)","(8.750097501319942e-05,)","(8.750097501319942e-05,)",1.75,0.5,1.5
"(0.0010598939507246996,)","(0.00017653536235684442,)","(0.0001765301838929645,)","(-0.00015134293665997056,)","(6.578226183501235e-05,)","(6.578226183501235e-05,)","(-2.916327347600011e-05,)","(1.6445298966999942e-05,)","(1.644593864900002e-05,)","(-4.072001770200062e-05,)","(7.398090084986819e-06,)","(7.392272125983368e-06,)","(0.0012811201780209558,)","(8.690971100122624e-05,)","(8.690971100122624e-05,)",1.75,0.5,1.75
"(0.0206204728059447,)","(0.0005860483639423819,)","(0.0005860569966955609,)","(0.0001878827056809862,)","(0.00023151498314200047,)","(0.00023151498314299968,)","(-6.883814385399978e-05,)","(4.2591003547000177e-05,)","(4.2590689694000164e-05,)","(-0.00019908521489697684,)","(2.546219985899434e-05,)","(2.5471146125999322e-05,)","(0.02070051345901902,)","(0.00028648017701016215,)","(0.00028648017701016215,)",1.75,0.75,0.25
"(0.01641340071699915,)","(0.0004901404121540054,)","(0.0004901377065777979,)","(0.00011352519640100978,)","(0.00019502846086902337,)","(0.00019502846086902337,)","(-6.591207958600012e-05,)","(3.9746868089000215e-05,)","(3.974570227799996e-05,)","(-0.00018201274043400106,)","(2.1673822149959054e-05,)","(2.1672282394968878e-05,)","(0.016547800341015773,)","(0.0002336912610019226,)","(0.0002336912610019226,)",1.75,0.75,0.5
"(0.01132862390278433,)","(0.0003658239176047573,)","(0.00036581841533234183,)","(1.7535249716982282e-05,)","(0.00015294427719700354,)","(0.00015294427719700354,)","(-6.085740194100011e-05,)","(3.53495706470002e-05,)","(3.5348122921999986e-05,)","(-0.00015386458569599526,)","(1.5665404722975396e-05,)","(1.5661350459994505e-05,)","(0.011525810640961254,)","(0.0001618646649887978,)","(0.00016186466399403798,)",1.75,0.75,0.75
"(0.006861891818374488,)","(0.0002607910678307235,)","(0.00026077852751882347,)","(-7.033036092896072e-05,)","(0.00011866516070402344,)","(0.00011866516070302424,)","(-5.3594731982999945e-05,)","(2.9779725741000025e-05,)","(2.9777923328999992e-05,)","(-0.00011859936442504271,)","(9.305229773964863e-06,)","(9.29449200795518e-06,)","(0.007104416274955838,)","(0.00010304095098945254,)","(0.00010304095098945254,)",1.75,0.75,1.0
"(0.0036951840131109748,)","(0.00020785998370342895,)","(0.00020786406113870726,)","(-0.00012829134252001495,)","(9.397862372700905e-05,)","(9.397862372700905e-05,)","(-4.454734709400049e-05,)","(2.3773451924999963e-05,)","(2.3774759510999943e-05,)","(-8.340875109300039e-05,)","(5.656389750974267e-06,)","(5.65915944297779e-06,)","(0.003951431454026988,)","(8.445151800628992e-05,)","(8.445151800628992e-05,)",1.75,0.75,1.25
"(0.0017840236214112792,)","(0.00018973420753809478,)","(0.00018971933778288985,)","(-0.00015119714537198403,)","(7.49387811440072e-05,)","(7.4938781143008e-05,)","(-3.490130297000016e-05,)","(1.8677955503000002e-05,)","(1.867609177499995e-05,)","(-5.459458745601942e-05,)","(6.057814548987572e-06,)","(6.0448082529751535e-06,)","(0.002024716656990222,)","(9.005965600294985e-05,)","(9.005965600294985e-05,)",1.75,0.75,1.5
"(0.0007642939993672826,)","(0.00016560578453095331,)","(0.0001655727537013263,)","(-0.0001479140562559711,)","(6.183005115201201e-05,)","(6.183005115301121e-05,)","(-2.6109243718000063e-05,)","(1.5522232042000216e-05,)","(1.551691808200032e-05,)","(-3.410040777004908e-05,)","(8.1329892899773e-06,)","(8.105272514963291e-06,)","(0.0009724177079988294,)","(8.01205119955739e-05,)","(8.01205119955739e-05,)",1.75,0.75,1.75
"(0.012189646944506194,)","(0.00038714460063715705,)","(0.0003871339966394771,)","(3.422226911303783e-05,)","(0.00015985043577301794,)","(0.00015985043577301794,)","(-6.188929265699963e-05,)","(3.619727080400028e-05,)","(3.619707990299998e-05,)","(-0.00015937662230605665,)","(1.677902348296012e-05,)","(1.6768610286960195e-05,)","(0.012376690590031103,)","(0.00017431787000532495,)","(0.00017431787000532495,)",1.75,1.0,0.25
"(0.009797202900500679,)","(0.0003281978603126845,)","(0.0003282017834465023,)","(-1.2472327029999786e-05,)","(0.00014091713730901567,)","(0.00014091713730801647,)","(-5.879349398899957e-05,)","(3.368998556600028e-05,)","(3.368867943500005e-05,)","(-0.00014313746422697782,)","(1.355334411698439e-05,)","(1.3558573541960772e-05,)","(0.010011606186026256,)","(0.0001400373930096066,)","(0.0001400373930096066,)",1.75,1.0,0.5
"(0.00686188768324314,)","(0.000260779243660636,)","(0.00026078047292799056,)","(-7.032993893002493e-05,)","(0.00011866515787800624,)","(0.00011866515787800624,)","(-5.3597950188000176e-05,)","(2.977716204300004e-05,)","(2.9776894553000272e-05,)","(-0.00011860070362096353,)","(9.295972168976707e-06,)","(9.297468910984819e-06,)","(0.007104416274955838,)","(0.00010304095098945254,)","(0.00010304095098945254,)",1.75,1.0,0.75
"(0.004230908434323055,)","(0.00021457978556327362,)","(0.00021450087072594215,)","(-0.00011939852853398714,)","(9.845890177700989e-05,)","(9.845890177700989e-05,)","(-4.648113302399993e-05,)","(2.498561124800007e-05,)","(2.4975128304000234e-05,)","(-9.016673205902714e-05,)","(6.12802147198499e-06,)","(6.059589326978809e-06,)","(0.004486954827996215,)","(8.50072509877009e-05,)","(8.50072509877009e-05,)",1.75,1.0,1.0
"(0.0023188071846504954,)","(0.00019489958330609625,)","(0.00019488741105533336,)","(-0.00014691734303401427,)","(8.093116500901276e-05,)","(8.093116500901276e-05,)","(-3.818031996500031e-05,)","(2.0234554960999948e-05,)","(2.0234151221000182e-05,)","(-6.353169278797144e-05,)","(5.5593927039687685e-06,)","(5.5476243509822165e-06,)","(0.002567436540005019,)","(8.817446999387357e-05,)","(8.817446999387357e-05,)",1.75,1.0,1.25
"(0.0011311806678122593,)","(0.00017849752381948747,)","(0.00017848499791739414,)","(-0.0001517704382810181,)","(6.672879055300007e-05,)","(6.672879055300007e-05,)","(-2.9819963451999977e-05,)","(1.6668012251000192e-05,)","(1.6667896959000287e-05,)","(-4.2203312869998344e-05,)","(7.237904326995448e-06,)","(7.225493713985953e-06,)","(0.0013549743820249205,)","(8.786281600237089e-05,)","(8.786281600237089e-05,)",1.75,1.0,1.5
"(0.000478635458904364,)","(0.00014841148768596213,)","(0.0001484006462533216,)","(-0.0001406689714920084,)","(5.8179567393013e-05,)","(5.8179567393013e-05,)","(-2.2454960404999762e-05,)","(1.4609317054000304e-05,)","(1.460854794100002e-05,)","(-2.686042003899325e-05,)","(8.693525136965752e-06,)","(8.683452927982227e-06,)","(0.0006686198109946417,)","(6.69290780024312e-05,)","(6.69290780024312e-05,)",1.75,1.0,1.75
"(0.006397397759258183,)","(0.00025126982416168175,)","(0.0002512790993591807,)","(-7.934746725302144e-05,)","(0.00011519168321799667,)","(0.00011519168321799667,)","(-5.256094175199941e-05,)","(2.903991355700025e-05,)","(2.904030816500017e-05,)","(-0.00011408048088096256,)","(8.643384812989652e-06,)","(8.652265721997843e-06,)","(0.006643386649045624,)","(9.839484201279447e-05,)","(9.839484201279447e-05,)",1.75,1.25,0.25
"(0.005194937610838224,)","(0.00022907973323071928,)","(0.00022907790878434753,)","(-0.00010215920715600513,)","(0.00010607868246401142,)","(0.00010607868246401142,)","(-4.949175235999942e-05,)","(2.6926082382000126e-05,)","(2.6925697024000276e-05,)","(-0.00010148786627001138,)","(7.081120570961996e-06,)","(7.079681805965965e-06,)","(0.005448076436039173,)","(8.89938470152174e-05,)","(8.89938470152174e-05,)",1.75,1.25,0.5
"(0.0036951820150932235,)","(0.00020786674684813988,)","(0.0002078499444735371,)","(-0.00012829196257102549,)","(9.397856413601025e-05,)","(9.397856413601025e-05,)","(-4.454550784399993e-05,)","(2.377393151999996e-05,)","(2.3773264660000015e-05,)","(-8.341196719000021e-05,)","(5.66273325697253e-06,)","(5.646597600966752e-06,)","(0.003951431453003806,)","(8.445151800628992e-05,)","(8.445151800628992e-05,)",1.75,1.25,0.75
"(0.0023188218500820312,)","(0.0001948897501904412,)","(0.0001948966841496258,)","(-0.0001469176133689909,)","(8.093114411400482e-05,)","(8.093114411400482e-05,)","(-3.8179515545000084e-05,)","(2.0235518163999947e-05,)","(2.0234009973999975e-05,)","(-6.35175389319953e-05,)","(5.54861796098205e-06,)","(5.557059901989403e-06,)","(0.002567436518006616,)","(8.817446999387357e-05,)","(8.817446999387357e-05,)",1.75,1.25,1.0
"(0.0012882873585340349,)","(0.00018213831143043535,)","(0.00018213956676049747,)","(-0.00015229844331798859,)","(6.878763267501031e-05,)","(6.878763267600951e-05,)","(-3.118959913700004e-05,)","(1.7158112093000003e-05,)","(1.715802189300019e-05,)","(-4.537857271003087e-05,)","(6.892298902966276e-06,)","(6.893644992983505e-06,)","(0.0015171539729976757,)","(8.930026700681992e-05,)","(8.930026700681992e-05,)",1.75,1.25,1.25
"(0.000626650532410622,)","(0.00015834112443258164,)","(0.00015834600358743955,)","(-0.0001450720173900022,)","(6.002684279701742e-05,)","(6.002684279701742e-05,)","(-2.446157980800015e-05,)","(1.5083451349000212e-05,)","(1.508504298100002e-05,)","(-3.07530095930153e-05,)","(8.421990681961589e-06,)","(8.425278058971086e-06,)","(0.0008269371389815205,)","(7.48088390025714e-05,)","(7.48088390025714e-05,)",1.75,1.25,1.5
"(0.0002519647596272989,)","(0.0001272554995637165,)","(0.00012724773264949363,)","(-0.00012929961647700772,)","(5.569949882899827e-05,)","(5.569949882899827e-05,)","(-1.8630256623999777e-05,)","(1.3799079564000023e-05,)","(1.3796775627000074e-05,)","(-1.9943328980004393e-05,)","(8.753069938000069e-06,)","(8.747606856984724e-06,)","(0.000419837961999292,)","(4.9003850989493e-05,)","(4.9003850989493e-05,)",1.75,1.25,1.75
"(0.003022145649254071,)","(0.0002009537669778183,)","(0.00020097438834909553,)","(-0.00013837460026999704,)","(8.794599694400551e-05,)","(8.794599694400551e-05,)","(-4.1730503985999874e-05,)","(2.212732936600001e-05,)","(2.21289872510003e-05,)","(-7.417501544396132e-05,)","(5.382465850994889e-06,)","(5.401429725993001e-06,)","(0.003276425767978708,)","(8.549797399837189e-05,)","(8.549797399837189e-05,)",1.75,1.5,0.25
"(0.0024768186577261986,)","(0.00019621640478817426,)","(0.00019621728267793515,)","(-0.00014523514041497876,)","(8.258436164901295e-05,)","(8.258436164801375e-05,)","(-3.9045446621000304e-05,)","(2.0672992811000303e-05,)","(2.0675564841999942e-05,)","(-6.604378554603274e-05,)","(5.458075172964927e-06,)","(5.456381094975926e-06,)","(0.002727143030995194,)","(8.750097501319942e-05,)","(8.750097501319942e-05,)",1.75,1.5,0.5
"(0.0017840229718899536,)","(0.00018973111880882243,)","(0.00018972930118366094,)","(-0.00015119794079299087,)","(7.493872381100775e-05,)","(7.493872381100775e-05,)","(-3.4901625630000006e-05,)","(1.8677818531000288e-05,)","(1.867614388900013e-05,)","(-5.45941199679989e-05,)","(6.054919829967531e-06,)","(6.054776879982349e-06,)","(0.0020247166580134035,)","(9.005965600294985e-05,)","(9.005965600294985e-05,)",1.75,1.5,0.75
"(0.0011313029573898348,)","(0.0001785980163901968,)","(0.00017851555017500687,)","(-0.0001517704775980122,)","(6.672873356800002e-05,)","(6.672873356700082e-05,)","(-2.9812471321999812e-05,)","(1.6677352168000155e-05,)","(1.666854768500028e-05,)","(-4.208846937198141e-05,)","(7.329113388993003e-06,)","(7.255451668991553e-06,)","(0.001354974375999518,)","(8.786281699713072e-05,)","(8.786281699713072e-05,)",1.75,1.5,1.0
"(0.0006266492077031671,)","(0.000158333040872094,)","(0.0001583341071693667,)","(-0.0001450720280389839,)","(6.0026851715022644e-05,)","(6.0026851716021845e-05,)","(-2.4463117559000037e-05,)","(1.508319381500001e-05,)","(1.5083342010000118e-05,)","(-3.075278622999278e-05,)","(8.41415570795867e-06,)","(8.415073492973324e-06,)","(0.0008269371399762804,)","(7.48088390025714e-05,)","(7.480883999733123e-05,)",1.75,1.5,1.25
"(0.0002923139083463866,)","(0.00013166395015673515,)","(0.00013167003172043223,)","(-0.00013193276886003247,)","(5.610258064800422e-05,)","(5.610258064700502e-05,)","(-1.9405137809000005e-05,)","(1.3959783572999908e-05,)","(1.395879641700017e-05,)","(-2.1282316065962537e-05,)","(8.797064416976585e-06,)","(8.804133072970455e-06,)","(0.00046493413100279213,)","(5.280452100464572e-05,)","(5.280452100464572e-05,)",1.75,1.5,1.5
"(9.879287136982384e-05,)","(0.00010721575031880093,)","(0.00010721365177346343,)","(-0.00011452740801198846,)","(5.41851846090069e-05,)","(5.41851846090069e-05,)","(-1.4993152121000296e-05,)","(1.2969912411999948e-05,)","(1.2969225001000298e-05,)","(-1.4011934093033362e-05,)","(8.11538670497658e-06,)","(8.113975690976494e-06,)","(0.00024232536497947876,)","(3.194526598804259e-05,)","(3.194526598804259e-05,)",1.75,1.5,1.75
"(0.0012883317237708525,)","(0.0001821559452253041,)","(0.00018213856969850895,)","(-0.00015229904189900667,)","(6.878885402500368e-05,)","(6.878885402600288e-05,)","(-3.118800192799956e-05,)","(1.7158922666000217e-05,)","(1.7158974383000257e-05,)","(-4.533513847998494e-05,)","(6.907901548974804e-06,)","(6.8904741859776575e-06,)","(0.0015171539070024664,)","(8.930026700681992e-05,)","(8.930026700681992e-05,)",1.75,1.75,0.25
"(0.0010599176314656233,)","(0.0001765374638580397,)","(0.00017653666228056863,)","(-0.00015134323162097063,)","(6.578199024501186e-05,)","(6.578199024601106e-05,)","(-2.9159674826000157e-05,)","(1.6446250251999934e-05,)","(1.6445962703000132e-05,)","(-4.069964370301271e-05,)","(7.399510958988609e-06,)","(7.398996967972193e-06,)","(0.0012811201819999951,)","(8.690971199598607e-05,)","(8.690971199598607e-05,)",1.75,1.75,0.5
"(0.0007642902005216001,)","(0.00016556184161231613,)","(0.00016559390883230662,)","(-0.00014791371507899553,)","(6.183008531202017e-05,)","(6.183008531202017e-05,)","(-2.610745192299993e-05,)","(1.5518654053000083e-05,)","(1.552122261500033e-05,)","(-3.4106340851020045e-05,)","(8.09258957895631e-06,)","(8.122088061973676e-06,)","(0.0009724177079704077,)","(8.01205119955739e-05,)","(8.012051299033374e-05,)",1.75,1.75,0.75
"(0.00047862814389532105,)","(0.000148410206435301,)","(0.000148413139186232,)","(-0.0001406688593429961,)","(5.8179593661999984e-05,)","(5.8179593661999984e-05,)","(-2.2453758952999808e-05,)","(1.4609336341000253e-05,)","(1.4608799260999988e-05,)","(-2.6869070097024217e-05,)","(8.692198126991624e-06,)","(8.69566794198251e-06,)","(0.0006686198320267067,)","(6.69290780024312e-05,)","(6.69290780024312e-05,)",1.75,1.75,1.0
"(0.00025197557579303975,)","(0.0001272606200757309,)","(0.00012725594913831628,)","(-0.00012929971914998895,)","(5.56995147160122e-05,)","(5.5699514715013e-05,)","(-1.862896502500015e-05,)","(1.3799492932000008e-05,)","(1.379759458700015e-05,)","(-1.9933699916985237e-05,)","(8.75776117298388e-06,)","(8.754988669978925e-06,)","(0.00041983795995292894,)","(4.9003850989493e-05,)","(4.9003850989493e-05,)",1.75,1.75,1.25
"(9.881891796226228e-05,)","(0.00010721165651261799,)","(0.00010721546948389005,)","(-0.00011452719953403134,)","(5.418519173699954e-05,)","(5.418519173600034e-05,)","(-1.4992299877999733e-05,)","(1.296895472300023e-05,)","(1.2970867821000126e-05,)","(-1.398699992294361e-05,)","(8.112243099989147e-06,)","(8.114143075999003e-06,)","(0.00024232541801438856,)","(3.194526701122413e-05,)","(3.194526701122413e-05,)",1.75,1.75,1.5
"(1.0351011042075697e-05,)","(9.20721822978976e-05,)","(9.20718360077899e-05,)","(-9.768236231699756e-05,)","(5.251220302202042e-05,)","(5.251220302202042e-05,)","(-1.1760960417000685e-05,)","(1.1964145682000042e-05,)","(1.1964193338999916e-05,)","(-9.281129766974816e-06,)","(7.08563749698965e-06,)","(7.085243275972708e-06,)","(0.0001290754640308478,)","(2.0510196009126958e-05,)","(2.0510196009126958e-05,)",1.75,1.75,1.75
